{"version":null,"displayName":"Github Issues","type":"github-issues","logo":"github.png","logoSmall":"github.png","metadata":[{"name":"Owner","dependent":false,"dependentMetadata":null,"values":[{"id":"jm-demo-org","name":"jm-demo-org","attributeName":null,"referenceType":null,"dependents":null,"attributes":null,"regex":false}],"apiConfig":{"api":null,"idJsonPath":null,"valueJsonPath":null,"headers":null}},{"name":"Repository","dependent":false,"dependentMetadata":null,"values":[{"id":"jm-demo","name":"jm-demo","attributeName":null,"referenceType":null,"dependents":null,"attributes":null,"regex":false}],"apiConfig":{"api":null,"idJsonPath":null,"valueJsonPath":null,"headers":null}},{"name":"Artifact","dependent":false,"dependentMetadata":null,"values":[{"id":"issues","name":"Issues","attributeName":null,"referenceType":null,"dependents":null,"attributes":null,"regex":false}],"apiConfig":{"api":null,"idJsonPath":null,"valueJsonPath":null,"headers":null}}],"fields":[{"id":"number","name":"Number","datatype":"String","values":null},{"id":"updated_at","name":"Updated At","datatype":"String","values":null},{"id":"state","name":"State","datatype":"String","values":null},{"id":"title","name":"Title","datatype":"String","values":null},{"id":"body","name":"Body","datatype":"String","values":null},{"id":"url","name":"Issue URL","datatype":"String","values":null},{"id":"assignee","name":"Assignee","datatype":"String","values":null}],"loginOptions":[],"idFieldName":"number","titleFieldName":"title","projectFieldName":"Repository","artifactFieldName":"Artifact","testStepsFieldName":null,"changedDateFieldName":"updated_at","dateFormat":"yyyy-MM-dd","dateTimeFormat":"yyyy-MM-dd'T'HH:mm:ss.SSS'Z'","queryDateFormat":"yyyy-MM-dd'T'HH:mm:ss.SSS'Z'","queryDateFormatType":"DATE_TIME_FORMAT","iso8601DateFormat":false,"commentFieldName":null,"commentFieldId":null,"attachmentFieldName":null,"attachmentFieldId":null,"apiVersion":null,"callBackUrlConfigured":false,"callBackUrls":null,"apiProvider":"ExternalApplication","applicationType":null,"urlDescription":"","userNameDescription":"","passwordDescription":"","paginationSupported":false,"paginationAttributes":null,"status":"Active","active":true,"commentSyncSupported":false,"attachmentSyncSupported":false,"syncModel":"ReadWrite","availableRestOperations":null,"multiProjectSupported":false,"projectLoginRequired":false,"conjunctionOperator":"","global":true,"tenantList":null}