[{"schemeId":4,"schemeName":"Default","adapterType":"github-issues","group":null,"active":true,"adapterMetadataList":[],"requestHeaders":[],"restTemplates":{"UPDATE_RECORD":{"templateId":16,"operation":"UPDATE_RECORD","httpVerb":"PATCH","restUrl":"/repos/${Owner}/${Repository}/${Artifact}/${recordId}","specifications":{"Request":{"specId":28,"type":"Request","adapterType":null,"specType":"JOLT","status":"Active","specification":"[\n    {\n        \"operation\": \"shift\",\n        \"spec\": {\n            \"fields\": {\n                \"*\": \"&\"\n            }\n        }\n    }\n]","samplePayload":"{\n  \"id\": \"TP-4\",\n  \"fields\": {\n    \"summary\": \"Test for API creation 2\",\n    \"description\": \"Test for API creation 2\",\n    \"assignee\": \"admin\",\n    \"priority\": \"1\",\n    \"reporter\": \"admin\"\n  }\n}","contentAvailable":true,"statusCode":2},"Response":{"specId":27,"type":"Response","adapterType":null,"specType":"JOLT","status":"Active","specification":"[\n    {\n        \"operation\": \"shift\",\n        \"spec\": {\n            \"body\": \"fields.body\",\n            \"number\": \"id\",\n            \"title\": \"fields.title\"\n        }\n    },\n    {\n        \"operation\": \"modify-overwrite-beta\",\n        \"spec\": {\n            \"id\": \"=toString\"\n        }\n    }\n]","samplePayload":"{\n    \"url\": \"https://api.github.com/repos/jm-demo-org/jm-demo/issues/1\",\n    \"repository_url\": \"https://api.github.com/repos/jm-demo-org/jm-demo\",\n    \"labels_url\": \"https://api.github.com/repos/jm-demo-org/jm-demo/issues/1/labels{/name}\",\n    \"comments_url\": \"https://api.github.com/repos/jm-demo-org/jm-demo/issues/1/comments\",\n    \"events_url\": \"https://api.github.com/repos/jm-demo-org/jm-demo/issues/1/events\",\n    \"html_url\": \"https://github.com/jm-demo-org/jm-demo/pull/1\",\n    \"id\": 1920536340,\n    \"node_id\": \"PR_kwDOKaXK_c5bmhvC\",\n    \"number\": 1,\n    \"title\": \"Only PATCH works\",\n    \"user\": {\n        \"login\": \"jmcg-broadcom\",\n        \"id\": 140761666,\n        \"node_id\": \"U_kgDOCGPaQg\",\n        \"avatar_url\": \"https://avatars.githubusercontent.com/u/140761666?v=4\",\n        \"gravatar_id\": \"\",\n        \"url\": \"https://api.github.com/users/jmcg-broadcom\",\n        \"html_url\": \"https://github.com/jmcg-broadcom\",\n        \"followers_url\": \"https://api.github.com/users/jmcg-broadcom/followers\",\n        \"following_url\": \"https://api.github.com/users/jmcg-broadcom/following{/other_user}\",\n        \"gists_url\": \"https://api.github.com/users/jmcg-broadcom/gists{/gist_id}\",\n        \"starred_url\": \"https://api.github.com/users/jmcg-broadcom/starred{/owner}{/repo}\",\n        \"subscriptions_url\": \"https://api.github.com/users/jmcg-broadcom/subscriptions\",\n        \"organizations_url\": \"https://api.github.com/users/jmcg-broadcom/orgs\",\n        \"repos_url\": \"https://api.github.com/users/jmcg-broadcom/repos\",\n        \"events_url\": \"https://api.github.com/users/jmcg-broadcom/events{/privacy}\",\n        \"received_events_url\": \"https://api.github.com/users/jmcg-broadcom/received_events\",\n        \"type\": \"User\",\n        \"site_admin\": false\n    },\n    \"labels\": [],\n    \"state\": \"closed\",\n    \"locked\": false,\n    \"assignee\": null,\n    \"assignees\": [],\n    \"milestone\": null,\n    \"comments\": 1,\n    \"created_at\": \"2023-10-01T03:42:49Z\",\n    \"updated_at\": \"2023-10-01T17:44:39Z\",\n    \"closed_at\": \"2023-10-01T03:46:58Z\",\n    \"author_association\": \"CONTRIBUTOR\",\n    \"active_lock_reason\": null,\n    \"draft\": false,\n    \"pull_request\": {\n        \"url\": \"https://api.github.com/repos/jm-demo-org/jm-demo/pulls/1\",\n        \"html_url\": \"https://github.com/jm-demo-org/jm-demo/pull/1\",\n        \"diff_url\": \"https://github.com/jm-demo-org/jm-demo/pull/1.diff\",\n        \"patch_url\": \"https://github.com/jm-demo-org/jm-demo/pull/1.patch\",\n        \"merged_at\": \"2023-10-01T03:46:58Z\"\n    },\n    \"body\": \"Here are the details for US206\",\n    \"closed_by\": {\n        \"login\": \"jmcg-broadcom\",\n        \"id\": 140761666,\n        \"node_id\": \"U_kgDOCGPaQg\",\n        \"avatar_url\": \"https://avatars.githubusercontent.com/u/140761666?v=4\",\n        \"gravatar_id\": \"\",\n        \"url\": \"https://api.github.com/users/jmcg-broadcom\",\n        \"html_url\": \"https://github.com/jmcg-broadcom\",\n        \"followers_url\": \"https://api.github.com/users/jmcg-broadcom/followers\",\n        \"following_url\": \"https://api.github.com/users/jmcg-broadcom/following{/other_user}\",\n        \"gists_url\": \"https://api.github.com/users/jmcg-broadcom/gists{/gist_id}\",\n        \"starred_url\": \"https://api.github.com/users/jmcg-broadcom/starred{/owner}{/repo}\",\n        \"subscriptions_url\": \"https://api.github.com/users/jmcg-broadcom/subscriptions\",\n        \"organizations_url\": \"https://api.github.com/users/jmcg-broadcom/orgs\",\n        \"repos_url\": \"https://api.github.com/users/jmcg-broadcom/repos\",\n        \"events_url\": \"https://api.github.com/users/jmcg-broadcom/events{/privacy}\",\n        \"received_events_url\": \"https://api.github.com/users/jmcg-broadcom/received_events\",\n        \"type\": \"User\",\n        \"site_admin\": false\n    },\n    \"reactions\": {\n        \"url\": \"https://api.github.com/repos/jm-demo-org/jm-demo/issues/1/reactions\",\n        \"total_count\": 0,\n        \"+1\": 0,\n        \"-1\": 0,\n        \"laugh\": 0,\n        \"hooray\": 0,\n        \"confused\": 0,\n        \"heart\": 0,\n        \"rocket\": 0,\n        \"eyes\": 0\n    },\n    \"timeline_url\": \"https://api.github.com/repos/jm-demo-org/jm-demo/issues/1/timeline\",\n    \"performed_via_github_app\": null,\n    \"state_reason\": null\n}","contentAvailable":true,"statusCode":2}}},"CREATE_RECORD":{"templateId":15,"operation":"CREATE_RECORD","httpVerb":"POST","restUrl":"/repos/${Owner}/${Repository}/${Artifact}","specifications":{"Request":{"specId":32,"type":"Request","adapterType":null,"specType":"JOLT","status":"Active","specification":"[\n    {\n        \"operation\": \"shift\",\n        \"spec\": {\n            \"fields\": {\n                \"*\": \"&\"\n            }\n        }\n    }\n]","samplePayload":"{\n  \"fields\": {\n    \"summary\": \"Test for API creation 2\",\n    \"description\": \"Test for API creation 2\",\n    \"priority\": \"1\",\n    \"modifiedTime\": \"01-04-2019 11:46:30.124\",\n    \"severity\": \"2\",\n    \"status\": \"Open\"\n  }\n}","contentAvailable":true,"statusCode":2},"Response":{"specId":31,"type":"Response","adapterType":null,"specType":"JOLT","status":"Active","specification":"[\n    {\n        \"operation\": \"shift\",\n        \"spec\": {\n            \"body\": \"fields.body\",\n            \"number\": \"id\",\n            \"title\": \"fields.title\"\n        }\n    },\n    {\n        \"operation\": \"modify-overwrite-beta\",\n        \"spec\": {\n            \"id\": \"=toString\"\n        }\n    }\n]","samplePayload":"{\n    \"url\": \"https://api.github.com/repos/jm-demo-org/jm-demo/issues/3\",\n    \"repository_url\": \"https://api.github.com/repos/jm-demo-org/jm-demo\",\n    \"labels_url\": \"https://api.github.com/repos/jm-demo-org/jm-demo/issues/3/labels{/name}\",\n    \"comments_url\": \"https://api.github.com/repos/jm-demo-org/jm-demo/issues/3/comments\",\n    \"events_url\": \"https://api.github.com/repos/jm-demo-org/jm-demo/issues/3/events\",\n    \"html_url\": \"https://github.com/jm-demo-org/jm-demo/issues/3\",\n    \"id\": 1920883398,\n    \"node_id\": \"I_kwDOKaXK_c5yflrG\",\n    \"number\": 3,\n    \"title\": \"from Postman\",\n    \"user\": {\n        \"login\": \"jmcg-broadcom\",\n        \"id\": 140761666,\n        \"node_id\": \"U_kgDOCGPaQg\",\n        \"avatar_url\": \"https://avatars.githubusercontent.com/u/140761666?v=4\",\n        \"gravatar_id\": \"\",\n        \"url\": \"https://api.github.com/users/jmcg-broadcom\",\n        \"html_url\": \"https://github.com/jmcg-broadcom\",\n        \"followers_url\": \"https://api.github.com/users/jmcg-broadcom/followers\",\n        \"following_url\": \"https://api.github.com/users/jmcg-broadcom/following{/other_user}\",\n        \"gists_url\": \"https://api.github.com/users/jmcg-broadcom/gists{/gist_id}\",\n        \"starred_url\": \"https://api.github.com/users/jmcg-broadcom/starred{/owner}{/repo}\",\n        \"subscriptions_url\": \"https://api.github.com/users/jmcg-broadcom/subscriptions\",\n        \"organizations_url\": \"https://api.github.com/users/jmcg-broadcom/orgs\",\n        \"repos_url\": \"https://api.github.com/users/jmcg-broadcom/repos\",\n        \"events_url\": \"https://api.github.com/users/jmcg-broadcom/events{/privacy}\",\n        \"received_events_url\": \"https://api.github.com/users/jmcg-broadcom/received_events\",\n        \"type\": \"User\",\n        \"site_admin\": false\n    },\n    \"labels\": [],\n    \"state\": \"open\",\n    \"locked\": false,\n    \"assignee\": null,\n    \"assignees\": [],\n    \"milestone\": null,\n    \"comments\": 0,\n    \"created_at\": \"2023-10-01T17:40:22Z\",\n    \"updated_at\": \"2023-10-01T17:40:22Z\",\n    \"closed_at\": null,\n    \"author_association\": \"CONTRIBUTOR\",\n    \"active_lock_reason\": null,\n    \"body\": null,\n    \"closed_by\": null,\n    \"reactions\": {\n        \"url\": \"https://api.github.com/repos/jm-demo-org/jm-demo/issues/3/reactions\",\n        \"total_count\": 0,\n        \"+1\": 0,\n        \"-1\": 0,\n        \"laugh\": 0,\n        \"hooray\": 0,\n        \"confused\": 0,\n        \"heart\": 0,\n        \"rocket\": 0,\n        \"eyes\": 0\n    },\n    \"timeline_url\": \"https://api.github.com/repos/jm-demo-org/jm-demo/issues/3/timeline\",\n    \"performed_via_github_app\": null,\n    \"state_reason\": null\n}","contentAvailable":true,"statusCode":2}}},"QUERY_MODIFIED_RECORDS":{"templateId":14,"operation":"QUERY_MODIFIED_RECORDS","httpVerb":"GET","restUrl":"/repos/${Owner}/${Repository}/${Artifact}?since=${last-modified-time}","specifications":{"Request":{"specId":30,"type":"Request","adapterType":null,"specType":null,"status":"Active","specification":null,"samplePayload":null,"contentAvailable":false,"statusCode":2},"Response":{"specId":29,"type":"Response","adapterType":null,"specType":"JOLT","status":"Active","specification":"[\n    {\n        \"operation\": \"shift\",\n        \"spec\": {\n            \"*\": {\n                \"body\": \"result.[&1].fields.body\",\n                \"number\": \"result.[&1].id\",\n                \"title\": \"result.[&1].fields.title\"\n            }\n        }\n    },\n    {\n        \"operation\": \"modify-overwrite-beta\",\n        \"spec\": {\n            \"result\": {\n                \"*\": {\n                    \"id\": \"=toString\"\n                }\n            }\n        }\n    }\n]","samplePayload":"[\n    {\n        \"url\": \"https://api.github.com/repos/jm-demo-org/jm-demo/issues/3\",\n        \"repository_url\": \"https://api.github.com/repos/jm-demo-org/jm-demo\",\n        \"labels_url\": \"https://api.github.com/repos/jm-demo-org/jm-demo/issues/3/labels{/name}\",\n        \"comments_url\": \"https://api.github.com/repos/jm-demo-org/jm-demo/issues/3/comments\",\n        \"events_url\": \"https://api.github.com/repos/jm-demo-org/jm-demo/issues/3/events\",\n        \"html_url\": \"https://github.com/jm-demo-org/jm-demo/issues/3\",\n        \"id\": 1920883398,\n        \"node_id\": \"I_kwDOKaXK_c5yflrG\",\n        \"number\": 3,\n        \"title\": \"from Postman\",\n        \"user\": {\n            \"login\": \"jmcg-broadcom\",\n            \"id\": 140761666,\n            \"node_id\": \"U_kgDOCGPaQg\",\n            \"avatar_url\": \"https://avatars.githubusercontent.com/u/140761666?v=4\",\n            \"gravatar_id\": \"\",\n            \"url\": \"https://api.github.com/users/jmcg-broadcom\",\n            \"html_url\": \"https://github.com/jmcg-broadcom\",\n            \"followers_url\": \"https://api.github.com/users/jmcg-broadcom/followers\",\n            \"following_url\": \"https://api.github.com/users/jmcg-broadcom/following{/other_user}\",\n            \"gists_url\": \"https://api.github.com/users/jmcg-broadcom/gists{/gist_id}\",\n            \"starred_url\": \"https://api.github.com/users/jmcg-broadcom/starred{/owner}{/repo}\",\n            \"subscriptions_url\": \"https://api.github.com/users/jmcg-broadcom/subscriptions\",\n            \"organizations_url\": \"https://api.github.com/users/jmcg-broadcom/orgs\",\n            \"repos_url\": \"https://api.github.com/users/jmcg-broadcom/repos\",\n            \"events_url\": \"https://api.github.com/users/jmcg-broadcom/events{/privacy}\",\n            \"received_events_url\": \"https://api.github.com/users/jmcg-broadcom/received_events\",\n            \"type\": \"User\",\n            \"site_admin\": false\n        },\n        \"labels\": [],\n        \"state\": \"open\",\n        \"locked\": false,\n        \"assignee\": null,\n        \"assignees\": [],\n        \"milestone\": null,\n        \"comments\": 0,\n        \"created_at\": \"2023-10-01T17:40:22Z\",\n        \"updated_at\": \"2023-10-01T17:40:22Z\",\n        \"closed_at\": null,\n        \"author_association\": \"CONTRIBUTOR\",\n        \"active_lock_reason\": null,\n        \"body\": null,\n        \"reactions\": {\n            \"url\": \"https://api.github.com/repos/jm-demo-org/jm-demo/issues/3/reactions\",\n            \"total_count\": 0,\n            \"+1\": 0,\n            \"-1\": 0,\n            \"laugh\": 0,\n            \"hooray\": 0,\n            \"confused\": 0,\n            \"heart\": 0,\n            \"rocket\": 0,\n            \"eyes\": 0\n        },\n        \"timeline_url\": \"https://api.github.com/repos/jm-demo-org/jm-demo/issues/3/timeline\",\n        \"performed_via_github_app\": null,\n        \"state_reason\": null\n    }\n]","contentAvailable":true,"statusCode":2}}},"QUERY_RECORD_BY_ID":{"templateId":13,"operation":"QUERY_RECORD_BY_ID","httpVerb":"GET","restUrl":"/repos/${Owner}/${Repository}/${Artifact}/${recordId}","specifications":{"Request":{"specId":26,"type":"Request","adapterType":null,"specType":null,"status":"Active","specification":null,"samplePayload":null,"contentAvailable":false,"statusCode":2},"Response":{"specId":25,"type":"Response","adapterType":null,"specType":"JOLT","status":"Active","specification":"[\n    {\n        \"operation\": \"shift\",\n        \"spec\": {\n            \"body\": \"fields.body\",\n            \"number\": \"id\",\n            \"title\": \"fields.title\"\n        }\n    },\n    {\n        \"operation\": \"modify-overwrite-beta\",\n        \"spec\": {\n            \"id\": \"=toString\"\n        }\n    }\n]","samplePayload":"{\n    \"url\": \"https://api.github.com/repos/jm-demo-org/jm-demo/issues/1\",\n    \"repository_url\": \"https://api.github.com/repos/jm-demo-org/jm-demo\",\n    \"labels_url\": \"https://api.github.com/repos/jm-demo-org/jm-demo/issues/1/labels{/name}\",\n    \"comments_url\": \"https://api.github.com/repos/jm-demo-org/jm-demo/issues/1/comments\",\n    \"events_url\": \"https://api.github.com/repos/jm-demo-org/jm-demo/issues/1/events\",\n    \"html_url\": \"https://github.com/jm-demo-org/jm-demo/pull/1\",\n    \"id\": 1920536340,\n    \"node_id\": \"PR_kwDOKaXK_c5bmhvC\",\n    \"number\": 1,\n    \"title\": \"Create new-file.txt\",\n    \"user\": {\n        \"login\": \"jmcg-broadcom\",\n        \"id\": 140761666,\n        \"node_id\": \"U_kgDOCGPaQg\",\n        \"avatar_url\": \"https://avatars.githubusercontent.com/u/140761666?v=4\",\n        \"gravatar_id\": \"\",\n        \"url\": \"https://api.github.com/users/jmcg-broadcom\",\n        \"html_url\": \"https://github.com/jmcg-broadcom\",\n        \"followers_url\": \"https://api.github.com/users/jmcg-broadcom/followers\",\n        \"following_url\": \"https://api.github.com/users/jmcg-broadcom/following{/other_user}\",\n        \"gists_url\": \"https://api.github.com/users/jmcg-broadcom/gists{/gist_id}\",\n        \"starred_url\": \"https://api.github.com/users/jmcg-broadcom/starred{/owner}{/repo}\",\n        \"subscriptions_url\": \"https://api.github.com/users/jmcg-broadcom/subscriptions\",\n        \"organizations_url\": \"https://api.github.com/users/jmcg-broadcom/orgs\",\n        \"repos_url\": \"https://api.github.com/users/jmcg-broadcom/repos\",\n        \"events_url\": \"https://api.github.com/users/jmcg-broadcom/events{/privacy}\",\n        \"received_events_url\": \"https://api.github.com/users/jmcg-broadcom/received_events\",\n        \"type\": \"User\",\n        \"site_admin\": false\n    },\n    \"labels\": [],\n    \"state\": \"closed\",\n    \"locked\": false,\n    \"assignee\": null,\n    \"assignees\": [],\n    \"milestone\": null,\n    \"comments\": 1,\n    \"created_at\": \"2023-10-01T03:42:49Z\",\n    \"updated_at\": \"2023-10-01T03:46:59Z\",\n    \"closed_at\": \"2023-10-01T03:46:58Z\",\n    \"author_association\": \"CONTRIBUTOR\",\n    \"active_lock_reason\": null,\n    \"draft\": false,\n    \"pull_request\": {\n        \"url\": \"https://api.github.com/repos/jm-demo-org/jm-demo/pulls/1\",\n        \"html_url\": \"https://github.com/jm-demo-org/jm-demo/pull/1\",\n        \"diff_url\": \"https://github.com/jm-demo-org/jm-demo/pull/1.diff\",\n        \"patch_url\": \"https://github.com/jm-demo-org/jm-demo/pull/1.patch\",\n        \"merged_at\": \"2023-10-01T03:46:58Z\"\n    },\n    \"body\": \"Here are the details for US206\",\n    \"closed_by\": {\n        \"login\": \"jmcg-broadcom\",\n        \"id\": 140761666,\n        \"node_id\": \"U_kgDOCGPaQg\",\n        \"avatar_url\": \"https://avatars.githubusercontent.com/u/140761666?v=4\",\n        \"gravatar_id\": \"\",\n        \"url\": \"https://api.github.com/users/jmcg-broadcom\",\n        \"html_url\": \"https://github.com/jmcg-broadcom\",\n        \"followers_url\": \"https://api.github.com/users/jmcg-broadcom/followers\",\n        \"following_url\": \"https://api.github.com/users/jmcg-broadcom/following{/other_user}\",\n        \"gists_url\": \"https://api.github.com/users/jmcg-broadcom/gists{/gist_id}\",\n        \"starred_url\": \"https://api.github.com/users/jmcg-broadcom/starred{/owner}{/repo}\",\n        \"subscriptions_url\": \"https://api.github.com/users/jmcg-broadcom/subscriptions\",\n        \"organizations_url\": \"https://api.github.com/users/jmcg-broadcom/orgs\",\n        \"repos_url\": \"https://api.github.com/users/jmcg-broadcom/repos\",\n        \"events_url\": \"https://api.github.com/users/jmcg-broadcom/events{/privacy}\",\n        \"received_events_url\": \"https://api.github.com/users/jmcg-broadcom/received_events\",\n        \"type\": \"User\",\n        \"site_admin\": false\n    },\n    \"reactions\": {\n        \"url\": \"https://api.github.com/repos/jm-demo-org/jm-demo/issues/1/reactions\",\n        \"total_count\": 0,\n        \"+1\": 0,\n        \"-1\": 0,\n        \"laugh\": 0,\n        \"hooray\": 0,\n        \"confused\": 0,\n        \"heart\": 0,\n        \"rocket\": 0,\n        \"eyes\": 0\n    },\n    \"timeline_url\": \"https://api.github.com/repos/jm-demo-org/jm-demo/issues/1/timeline\",\n    \"performed_via_github_app\": null,\n    \"state_reason\": null\n}","contentAvailable":true,"statusCode":2}}}},"default":true}]