{"version":null,"displayName":"Github","type":"github","logo":"github.png","logoSmall":"github_small.png","metadata":[{"name":"Owner","dependent":false,"dependentMetadata":null,"values":[{"id":"jm-connectall","name":"jm-connectall","attributeName":null,"referenceType":null,"dependents":null,"regex":false},{"id":"sbhaskara-ca","name":"sbhaskara-ca","attributeName":null,"referenceType":null,"dependents":null,"regex":false}]},{"name":"Repository","dependent":false,"dependentMetadata":null,"values":[{"id":"github-universal-test","name":"Github Universal Test","attributeName":null,"referenceType":null,"dependents":null,"regex":false},{"id":"pipeline-test","name":"Pipeline Test","attributeName":null,"referenceType":null,"dependents":null,"regex":false}]},{"name":"Artifact","dependent":false,"dependentMetadata":null,"values":[{"id":"issues","name":"Issues","attributeName":null,"referenceType":null,"dependents":null,"regex":false},{"id":"pulls","name":"Pull Requests","attributeName":null,"referenceType":null,"dependents":null,"regex":false}]}],"fields":[{"id":"number","name":"Number","datatype":"String","values":null},{"id":"closed_at","name":"Closed At","datatype":"Datetime","values":null},{"id":"updated_at","name":"Updated At","datatype":"Datetime","values":null},{"id":"merged_at","name":"Merged At","datatype":"Datetime","values":null},{"id":"created_at","name":"Created At","datatype":"Datetime","values":null},{"id":"state","name":"State","datatype":"String","values":null},{"id":"assignee","name":"Assignee","datatype":"String","values":null},{"id":"title","name":"Title","datatype":"String","values":null},{"id":"body","name":"Body","datatype":"String","values":null},{"id":"url","name":"Issue URL","datatype":"String","values":null},{"id":"headRef","name":"PR Head","datatype":"String","values":null},{"id":"baseRef","name":"PR Base","datatype":"String","values":null}],"loginOptions":[],"idFieldName":"number","titleFieldName":"title","projectFieldName":"Repository","artifactFieldName":"Artifact","testStepsFieldName":null,"changedDateFieldName":"updated_at","dateFormat":"yyyy-MM-dd","dateTimeFormat":"yyyy-MM-dd'T'HH:mm:ss'Z'","queryDateFormat":"yyyy-MM-dd'T'HH:mm:ssZ","queryDateFormatType":"DATE_TIME_FORMAT","iso8601DateFormat":false,"commentFieldName":null,"commentFieldId":null,"attachmentFieldName":null,"attachmentFieldId":null,"apiVersion":null,"callBackUrlConfigured":false,"callBackUrls":null,"apiProvider":"ExternalApplication","applicationType":null,"urlDescription":"","userNameDescription":"","passwordDescription":"","paginationSupported":false,"paginationAttributes":null,"status":"Active","active":true,"syncModel":"ReadWrite"}