[{"schemeId":24,"schemeName":"Issues","adapterType":"github","group":null,"active":true,"adapterMetadataList":[{"metadataId":150,"metadataKey":"Artifact","metadataValue":"issues"}],"requestHeaders":[],"restTemplates":{"QUERY_MODIFIED_RECORDS":{"templateId":60,"operation":"QUERY_MODIFIED_RECORDS","httpVerb":"GET","restUrl":"repos/${Owner}/${Repository}/${Artifact}?since=${last-modified-time}","specifications":{"Request":{"specId":107,"type":"Request","adapterType":null,"specType":null,"status":"Active","specification":null,"samplePayload":null,"contentAvailable":false,"statusCode":2},"Response":{"specId":108,"type":"Response","adapterType":null,"specType":"JOLT","status":"Active","specification":"[{\n  \"operation\": \"shift\",\n  \"spec\": {\n    \"*\": {\n      \"number\": \"result.[&1].id\",\n      \"title\": \"result.[&1].fields.title\",\n      \"body\": \"result.[&1].fields.body\"\n    }\n  }\n}, {\n  \"operation\": \"modify-overwrite-beta\",\n  \"spec\": {\n    \"result\": {\n      \"*\": {\n        \"id\": \"=toString\"\n      }\n    }\n  }\n}]","samplePayload":"{}","contentAvailable":true,"statusCode":2}}},"QUERY_RECORD_BY_ID":{"templateId":61,"operation":"QUERY_RECORD_BY_ID","httpVerb":"GET","restUrl":"repos/${Owner}/${Repository}/${Artifact}/${recordId}","specifications":{"Request":{"specId":109,"type":"Request","adapterType":null,"specType":null,"status":"Active","specification":null,"samplePayload":null,"contentAvailable":false,"statusCode":2},"Response":{"specId":110,"type":"Response","adapterType":null,"specType":"JOLT","status":"Active","specification":"[\n{\n    \"operation\": \"modify-overwrite-beta\",\n    \"spec\": {\n      \"revisions\": \"=size(@(1,snapshots))\",\n      \"lastRevision\": \"=lastElement(@(1,snapshots))\"\n    }\n  },\n{\n  \"operation\":\"shift\",\n  \"spec\":{\n       \"id\":\"id\",\n       \"customFields\":{\n             \"*\": \"fields.&\"\n        },\n       \"lastRevision\": {\n            \"*\" :  {\n                 \"modifiedAt\":\"fields.&\"\n             }\n        },\n       \"@lastRevision.modifiedAt\": \"fields.modifiedAt\",\n       \"*\": \"fields.&\"\n    }\n}\n\n]","samplePayload":"{}","contentAvailable":true,"statusCode":2}}},"UPDATE_RECORD":{"templateId":62,"operation":"UPDATE_RECORD","httpVerb":"PUT","restUrl":"repos/${Owner}/${Repository}/${Artifact}/${recordId}","specifications":{"Request":{"specId":111,"type":"Request","adapterType":null,"specType":"JOLT","status":"Active","specification":"[\n  {\n    \"operation\": \"shift\",\n    \"spec\": {\n      \"fields\": {\n        \"*\": \"&\"\n      }\n    }\n  }\n]","samplePayload":"{\n  \"id\": \"TP-4\",\n  \"fields\": {\n    \"summary\": \"Test for API creation 2\",\n    \"description\": \"Test for API creation 2\",\n    \"assignee\": \"admin\",\n    \"priority\": \"1\",\n    \"reporter\": \"admin\"\n  }\n}","contentAvailable":true,"statusCode":2},"Response":{"specId":112,"type":"Response","adapterType":null,"specType":"JOLT","status":"Active","specification":"[\n  {\n    \"operation\": \"shift\",\n    \"spec\": {\n      \"number\": \"id\",\n      \"title\": \"fields.title\",\n      \"body\": \"fields.body\"\n    }\n  },\n  {\n    \"operation\": \"modify-overwrite-beta\",\n    \"spec\": {\n      \"id\": \"=toString\"\n    }\n  }\n]","samplePayload":"{}","contentAvailable":true,"statusCode":2}}},"CREATE_RECORD":{"templateId":63,"operation":"CREATE_RECORD","httpVerb":"POST","restUrl":"repos/${Owner}/${Repository}/${Artifact}","specifications":{"Request":{"specId":113,"type":"Request","adapterType":null,"specType":"JOLT","status":"Active","specification":"[{ \"operation\":\"shift\",\"spec\":{\"fields\":{  \"*\" : \"&\"}}}]\n","samplePayload":"{\n  \"fields\": {\n    \"summary\": \"Test for API creation 2\",\n    \"description\": \"Test for API creation 2\",\n    \"priority\": \"1\",\n    \"modifiedTime\": \"01-04-2019 11:46:30.124\",\n    \"severity\": \"2\",\n    \"status\": \"Open\"\n  }\n}","contentAvailable":true,"statusCode":2},"Response":{"specId":114,"type":"Response","adapterType":null,"specType":"JOLT","status":"Active","specification":"[\n  {\n    \"operation\": \"shift\",\n    \"spec\": {\n      \"number\": \"id\",\n      \"title\": \"fields.title\",\n      \"body\": \"fields.body\"\n    }\n  },\n  {\n    \"operation\": \"modify-overwrite-beta\",\n    \"spec\": {\n      \"id\": \"=toString\"\n    }\n  }\n]\n","samplePayload":"{}","contentAvailable":true,"statusCode":2}}}},"default":false},{"schemeId":25,"schemeName":"Pulls","adapterType":"github","group":null,"active":true,"adapterMetadataList":[{"metadataId":153,"metadataKey":"Artifact","metadataValue":"pulls"}],"requestHeaders":[],"restTemplates":{"QUERY_MODIFIED_RECORDS":{"templateId":64,"operation":"QUERY_MODIFIED_RECORDS","httpVerb":"GET","restUrl":"repos/${Owner}/${Repository}/${Artifact}?state=all&per_page=100","specifications":{"Request":{"specId":115,"type":"Request","adapterType":null,"specType":null,"status":"Active","specification":null,"samplePayload":null,"contentAvailable":false,"statusCode":2},"Response":{"specId":116,"type":"Response","adapterType":null,"specType":"JOLT","status":"Active","specification":"[{\n  \"operation\": \"shift\",\n  \"spec\": {\n    \"*\": {\n      \"number\": \"result.[&1].id\",\n      \"title\": \"result.[&1].fields.&\",\n      \"body\": \"result.[&1].fields.&\",\n      \"created_at\": \"result.[&1].fields.&\",\n      \"updated_at\": \"result.[&1].fields.&\",\n      \"closed_at\": \"result.[&1].fields.&\",\n      \"merged_at\": \"result.[&1].fields.&\",\n      \"user\": {\n        \"login\": \"result.[&2].fields.user\"\n      },\n      \"head\": {\n        \"ref\": \"result.[&2].fields.headRef\"\n      },\n      \"base\": {\n        \"ref\": \"result.[&2].fields.baseRef\"\n      }\n    }\n  }\n}, {\n  \"operation\": \"modify-overwrite-beta\",\n  \"spec\": {\n    \"result\": {\n      \"*\": {\n        \"id\": \"=toString\"\n      }\n    }\n  }\n}]\n","samplePayload":"[\n  {\n    \"url\": \"https://api.github.com/repos/sbhaskara-ca/pipeline-test/pulls/11\",\n    \"id\": 390759965,\n    \"node_id\": \"MDExOlB1bGxSZXF1ZXN0MzkwNzU5OTY1\",\n    \"html_url\": \"https://github.com/sbhaskara-ca/pipeline-test/pull/11\",\n    \"diff_url\": \"https://github.com/sbhaskara-ca/pipeline-test/pull/11.diff\",\n    \"patch_url\": \"https://github.com/sbhaskara-ca/pipeline-test/pull/11.patch\",\n    \"issue_url\": \"https://api.github.com/repos/sbhaskara-ca/pipeline-test/issues/11\",\n    \"number\": 11,\n    \"state\": \"closed\",\n    \"locked\": false,\n    \"title\": \"RM-33 feature Implemented\",\n    \"user\": {\n      \"login\": \"sbhaskara-ca\",\n      \"id\": 58863091,\n      \"node_id\": \"MDQ6VXNlcjU4ODYzMDkx\",\n      \"avatar_url\": \"https://avatars.githubusercontent.com/u/58863091?v=4\",\n      \"gravatar_id\": \"\",\n      \"url\": \"https://api.github.com/users/sbhaskara-ca\",\n      \"html_url\": \"https://github.com/sbhaskara-ca\",\n      \"followers_url\": \"https://api.github.com/users/sbhaskara-ca/followers\",\n      \"following_url\": \"https://api.github.com/users/sbhaskara-ca/following{/other_user}\",\n      \"gists_url\": \"https://api.github.com/users/sbhaskara-ca/gists{/gist_id}\",\n      \"starred_url\": \"https://api.github.com/users/sbhaskara-ca/starred{/owner}{/repo}\",\n      \"subscriptions_url\": \"https://api.github.com/users/sbhaskara-ca/subscriptions\",\n      \"organizations_url\": \"https://api.github.com/users/sbhaskara-ca/orgs\",\n      \"repos_url\": \"https://api.github.com/users/sbhaskara-ca/repos\",\n      \"events_url\": \"https://api.github.com/users/sbhaskara-ca/events{/privacy}\",\n      \"received_events_url\": \"https://api.github.com/users/sbhaskara-ca/received_events\",\n      \"type\": \"User\",\n      \"site_admin\": false\n    },\n    \"body\": \"\",\n    \"created_at\": \"2020-03-19T02:19:51Z\",\n    \"updated_at\": \"2020-03-19T02:19:58Z\",\n    \"closed_at\": \"2020-03-19T02:19:58Z\",\n    \"merged_at\": \"2020-03-19T02:19:58Z\",\n    \"merge_commit_sha\": \"e048dc9fed6945f412e272aaafd32270dec910b7\",\n    \"assignee\": null,\n    \"assignees\": [],\n    \"requested_reviewers\": [],\n    \"requested_teams\": [],\n    \"labels\": [],\n    \"milestone\": null,\n    \"draft\": false,\n    \"commits_url\": \"https://api.github.com/repos/sbhaskara-ca/pipeline-test/pulls/11/commits\",\n    \"review_comments_url\": \"https://api.github.com/repos/sbhaskara-ca/pipeline-test/pulls/11/comments\",\n    \"review_comment_url\": \"https://api.github.com/repos/sbhaskara-ca/pipeline-test/pulls/comments{/number}\",\n    \"comments_url\": \"https://api.github.com/repos/sbhaskara-ca/pipeline-test/issues/11/comments\",\n    \"statuses_url\": \"https://api.github.com/repos/sbhaskara-ca/pipeline-test/statuses/009d44a7d5e0d20227ea4bd782b477246f4b2d72\",\n    \"head\": {\n      \"label\": \"sbhaskara-ca:feature/RM-33\",\n      \"ref\": \"feature/RM-33\",\n      \"sha\": \"009d44a7d5e0d20227ea4bd782b477246f4b2d72\",\n      \"user\": {\n        \"login\": \"sbhaskara-ca\",\n        \"id\": 58863091,\n        \"node_id\": \"MDQ6VXNlcjU4ODYzMDkx\",\n        \"avatar_url\": \"https://avatars.githubusercontent.com/u/58863091?v=4\",\n        \"gravatar_id\": \"\",\n        \"url\": \"https://api.github.com/users/sbhaskara-ca\",\n        \"html_url\": \"https://github.com/sbhaskara-ca\",\n        \"followers_url\": \"https://api.github.com/users/sbhaskara-ca/followers\",\n        \"following_url\": \"https://api.github.com/users/sbhaskara-ca/following{/other_user}\",\n        \"gists_url\": \"https://api.github.com/users/sbhaskara-ca/gists{/gist_id}\",\n        \"starred_url\": \"https://api.github.com/users/sbhaskara-ca/starred{/owner}{/repo}\",\n        \"subscriptions_url\": \"https://api.github.com/users/sbhaskara-ca/subscriptions\",\n        \"organizations_url\": \"https://api.github.com/users/sbhaskara-ca/orgs\",\n        \"repos_url\": \"https://api.github.com/users/sbhaskara-ca/repos\",\n        \"events_url\": \"https://api.github.com/users/sbhaskara-ca/events{/privacy}\",\n        \"received_events_url\": \"https://api.github.com/users/sbhaskara-ca/received_events\",\n        \"type\": \"User\",\n        \"site_admin\": false\n      },\n      \"repo\": {\n        \"id\": 246930604,\n        \"node_id\": \"MDEwOlJlcG9zaXRvcnkyNDY5MzA2MDQ=\",\n        \"name\": \"pipeline-test\",\n        \"full_name\": \"sbhaskara-ca/pipeline-test\",\n        \"private\": false,\n        \"owner\": {\n          \"login\": \"sbhaskara-ca\",\n          \"id\": 58863091,\n          \"node_id\": \"MDQ6VXNlcjU4ODYzMDkx\",\n          \"avatar_url\": \"https://avatars.githubusercontent.com/u/58863091?v=4\",\n          \"gravatar_id\": \"\",\n          \"url\": \"https://api.github.com/users/sbhaskara-ca\",\n          \"html_url\": \"https://github.com/sbhaskara-ca\",\n          \"followers_url\": \"https://api.github.com/users/sbhaskara-ca/followers\",\n          \"following_url\": \"https://api.github.com/users/sbhaskara-ca/following{/other_user}\",\n          \"gists_url\": \"https://api.github.com/users/sbhaskara-ca/gists{/gist_id}\",\n          \"starred_url\": \"https://api.github.com/users/sbhaskara-ca/starred{/owner}{/repo}\",\n          \"subscriptions_url\": \"https://api.github.com/users/sbhaskara-ca/subscriptions\",\n          \"organizations_url\": \"https://api.github.com/users/sbhaskara-ca/orgs\",\n          \"repos_url\": \"https://api.github.com/users/sbhaskara-ca/repos\",\n          \"events_url\": \"https://api.github.com/users/sbhaskara-ca/events{/privacy}\",\n          \"received_events_url\": \"https://api.github.com/users/sbhaskara-ca/received_events\",\n          \"type\": \"User\",\n          \"site_admin\": false\n        },\n        \"html_url\": \"https://github.com/sbhaskara-ca/pipeline-test\",\n        \"description\": \"pipeline test\",\n        \"fork\": false,\n        \"url\": \"https://api.github.com/repos/sbhaskara-ca/pipeline-test\",\n        \"forks_url\": \"https://api.github.com/repos/sbhaskara-ca/pipeline-test/forks\",\n        \"keys_url\": \"https://api.github.com/repos/sbhaskara-ca/pipeline-test/keys{/key_id}\",\n        \"collaborators_url\": \"https://api.github.com/repos/sbhaskara-ca/pipeline-test/collaborators{/collaborator}\",\n        \"teams_url\": \"https://api.github.com/repos/sbhaskara-ca/pipeline-test/teams\",\n        \"hooks_url\": \"https://api.github.com/repos/sbhaskara-ca/pipeline-test/hooks\",\n        \"issue_events_url\": \"https://api.github.com/repos/sbhaskara-ca/pipeline-test/issues/events{/number}\",\n        \"events_url\": \"https://api.github.com/repos/sbhaskara-ca/pipeline-test/events\",\n        \"assignees_url\": \"https://api.github.com/repos/sbhaskara-ca/pipeline-test/assignees{/user}\",\n        \"branches_url\": \"https://api.github.com/repos/sbhaskara-ca/pipeline-test/branches{/branch}\",\n        \"tags_url\": \"https://api.github.com/repos/sbhaskara-ca/pipeline-test/tags\",\n        \"blobs_url\": \"https://api.github.com/repos/sbhaskara-ca/pipeline-test/git/blobs{/sha}\",\n        \"git_tags_url\": \"https://api.github.com/repos/sbhaskara-ca/pipeline-test/git/tags{/sha}\",\n        \"git_refs_url\": \"https://api.github.com/repos/sbhaskara-ca/pipeline-test/git/refs{/sha}\",\n        \"trees_url\": \"https://api.github.com/repos/sbhaskara-ca/pipeline-test/git/trees{/sha}\",\n        \"statuses_url\": \"https://api.github.com/repos/sbhaskara-ca/pipeline-test/statuses/{sha}\",\n        \"languages_url\": \"https://api.github.com/repos/sbhaskara-ca/pipeline-test/languages\",\n        \"stargazers_url\": \"https://api.github.com/repos/sbhaskara-ca/pipeline-test/stargazers\",\n        \"contributors_url\": \"https://api.github.com/repos/sbhaskara-ca/pipeline-test/contributors\",\n        \"subscribers_url\": \"https://api.github.com/repos/sbhaskara-ca/pipeline-test/subscribers\",\n        \"subscription_url\": \"https://api.github.com/repos/sbhaskara-ca/pipeline-test/subscription\",\n        \"commits_url\": \"https://api.github.com/repos/sbhaskara-ca/pipeline-test/commits{/sha}\",\n        \"git_commits_url\": \"https://api.github.com/repos/sbhaskara-ca/pipeline-test/git/commits{/sha}\",\n        \"comments_url\": \"https://api.github.com/repos/sbhaskara-ca/pipeline-test/comments{/number}\",\n        \"issue_comment_url\": \"https://api.github.com/repos/sbhaskara-ca/pipeline-test/issues/comments{/number}\",\n        \"contents_url\": \"https://api.github.com/repos/sbhaskara-ca/pipeline-test/contents/{+path}\",\n        \"compare_url\": \"https://api.github.com/repos/sbhaskara-ca/pipeline-test/compare/{base}...{head}\",\n        \"merges_url\": \"https://api.github.com/repos/sbhaskara-ca/pipeline-test/merges\",\n        \"archive_url\": \"https://api.github.com/repos/sbhaskara-ca/pipeline-test/{archive_format}{/ref}\",\n        \"downloads_url\": \"https://api.github.com/repos/sbhaskara-ca/pipeline-test/downloads\",\n        \"issues_url\": \"https://api.github.com/repos/sbhaskara-ca/pipeline-test/issues{/number}\",\n        \"pulls_url\": \"https://api.github.com/repos/sbhaskara-ca/pipeline-test/pulls{/number}\",\n        \"milestones_url\": \"https://api.github.com/repos/sbhaskara-ca/pipeline-test/milestones{/number}\",\n        \"notifications_url\": \"https://api.github.com/repos/sbhaskara-ca/pipeline-test/notifications{?since,all,participating}\",\n        \"labels_url\": \"https://api.github.com/repos/sbhaskara-ca/pipeline-test/labels{/name}\",\n        \"releases_url\": \"https://api.github.com/repos/sbhaskara-ca/pipeline-test/releases{/id}\",\n        \"deployments_url\": \"https://api.github.com/repos/sbhaskara-ca/pipeline-test/deployments\",\n        \"created_at\": \"2020-03-12T21:04:05Z\",\n        \"updated_at\": \"2021-08-31T20:09:24Z\",\n        \"pushed_at\": \"2021-08-31T20:09:21Z\",\n        \"git_url\": \"git://github.com/sbhaskara-ca/pipeline-test.git\",\n        \"ssh_url\": \"git@github.com:sbhaskara-ca/pipeline-test.git\",\n        \"clone_url\": \"https://github.com/sbhaskara-ca/pipeline-test.git\",\n        \"svn_url\": \"https://github.com/sbhaskara-ca/pipeline-test\",\n        \"homepage\": null,\n        \"size\": 82,\n        \"stargazers_count\": 0,\n        \"watchers_count\": 0,\n        \"language\": \"Java\",\n        \"has_issues\": true,\n        \"has_projects\": true,\n        \"has_downloads\": true,\n        \"has_wiki\": true,\n        \"has_pages\": false,\n        \"forks_count\": 0,\n        \"mirror_url\": null,\n        \"archived\": false,\n        \"disabled\": false,\n        \"open_issues_count\": 7,\n        \"license\": {\n          \"key\": \"bsd-3-clause\",\n          \"name\": \"BSD 3-Clause \\\"New\\\" or \\\"Revised\\\" License\",\n          \"spdx_id\": \"BSD-3-Clause\",\n          \"url\": \"https://api.github.com/licenses/bsd-3-clause\",\n          \"node_id\": \"MDc6TGljZW5zZTU=\"\n        },\n        \"allow_forking\": true,\n        \"is_template\": false,\n        \"topics\": [],\n        \"visibility\": \"public\",\n        \"forks\": 0,\n        \"open_issues\": 7,\n        \"watchers\": 0,\n        \"default_branch\": \"master\"\n      }\n    },\n    \"base\": {\n      \"label\": \"sbhaskara-ca:master\",\n      \"ref\": \"master\",\n      \"sha\": \"a250eed2b8c10974dc20d517bb73a97458651c91\",\n      \"user\": {\n        \"login\": \"sbhaskara-ca\",\n        \"id\": 58863091,\n        \"node_id\": \"MDQ6VXNlcjU4ODYzMDkx\",\n        \"avatar_url\": \"https://avatars.githubusercontent.com/u/58863091?v=4\",\n        \"gravatar_id\": \"\",\n        \"url\": \"https://api.github.com/users/sbhaskara-ca\",\n        \"html_url\": \"https://github.com/sbhaskara-ca\",\n        \"followers_url\": \"https://api.github.com/users/sbhaskara-ca/followers\",\n        \"following_url\": \"https://api.github.com/users/sbhaskara-ca/following{/other_user}\",\n        \"gists_url\": \"https://api.github.com/users/sbhaskara-ca/gists{/gist_id}\",\n        \"starred_url\": \"https://api.github.com/users/sbhaskara-ca/starred{/owner}{/repo}\",\n        \"subscriptions_url\": \"https://api.github.com/users/sbhaskara-ca/subscriptions\",\n        \"organizations_url\": \"https://api.github.com/users/sbhaskara-ca/orgs\",\n        \"repos_url\": \"https://api.github.com/users/sbhaskara-ca/repos\",\n        \"events_url\": \"https://api.github.com/users/sbhaskara-ca/events{/privacy}\",\n        \"received_events_url\": \"https://api.github.com/users/sbhaskara-ca/received_events\",\n        \"type\": \"User\",\n        \"site_admin\": false\n      },\n      \"repo\": {\n        \"id\": 246930604,\n        \"node_id\": \"MDEwOlJlcG9zaXRvcnkyNDY5MzA2MDQ=\",\n        \"name\": \"pipeline-test\",\n        \"full_name\": \"sbhaskara-ca/pipeline-test\",\n        \"private\": false,\n        \"owner\": {\n          \"login\": \"sbhaskara-ca\",\n          \"id\": 58863091,\n          \"node_id\": \"MDQ6VXNlcjU4ODYzMDkx\",\n          \"avatar_url\": \"https://avatars.githubusercontent.com/u/58863091?v=4\",\n          \"gravatar_id\": \"\",\n          \"url\": \"https://api.github.com/users/sbhaskara-ca\",\n          \"html_url\": \"https://github.com/sbhaskara-ca\",\n          \"followers_url\": \"https://api.github.com/users/sbhaskara-ca/followers\",\n          \"following_url\": \"https://api.github.com/users/sbhaskara-ca/following{/other_user}\",\n          \"gists_url\": \"https://api.github.com/users/sbhaskara-ca/gists{/gist_id}\",\n          \"starred_url\": \"https://api.github.com/users/sbhaskara-ca/starred{/owner}{/repo}\",\n          \"subscriptions_url\": \"https://api.github.com/users/sbhaskara-ca/subscriptions\",\n          \"organizations_url\": \"https://api.github.com/users/sbhaskara-ca/orgs\",\n          \"repos_url\": \"https://api.github.com/users/sbhaskara-ca/repos\",\n          \"events_url\": \"https://api.github.com/users/sbhaskara-ca/events{/privacy}\",\n          \"received_events_url\": \"https://api.github.com/users/sbhaskara-ca/received_events\",\n          \"type\": \"User\",\n          \"site_admin\": false\n        },\n        \"html_url\": \"https://github.com/sbhaskara-ca/pipeline-test\",\n        \"description\": \"pipeline test\",\n        \"fork\": false,\n        \"url\": \"https://api.github.com/repos/sbhaskara-ca/pipeline-test\",\n        \"forks_url\": \"https://api.github.com/repos/sbhaskara-ca/pipeline-test/forks\",\n        \"keys_url\": \"https://api.github.com/repos/sbhaskara-ca/pipeline-test/keys{/key_id}\",\n        \"collaborators_url\": \"https://api.github.com/repos/sbhaskara-ca/pipeline-test/collaborators{/collaborator}\",\n        \"teams_url\": \"https://api.github.com/repos/sbhaskara-ca/pipeline-test/teams\",\n        \"hooks_url\": \"https://api.github.com/repos/sbhaskara-ca/pipeline-test/hooks\",\n        \"issue_events_url\": \"https://api.github.com/repos/sbhaskara-ca/pipeline-test/issues/events{/number}\",\n        \"events_url\": \"https://api.github.com/repos/sbhaskara-ca/pipeline-test/events\",\n        \"assignees_url\": \"https://api.github.com/repos/sbhaskara-ca/pipeline-test/assignees{/user}\",\n        \"branches_url\": \"https://api.github.com/repos/sbhaskara-ca/pipeline-test/branches{/branch}\",\n        \"tags_url\": \"https://api.github.com/repos/sbhaskara-ca/pipeline-test/tags\",\n        \"blobs_url\": \"https://api.github.com/repos/sbhaskara-ca/pipeline-test/git/blobs{/sha}\",\n        \"git_tags_url\": \"https://api.github.com/repos/sbhaskara-ca/pipeline-test/git/tags{/sha}\",\n        \"git_refs_url\": \"https://api.github.com/repos/sbhaskara-ca/pipeline-test/git/refs{/sha}\",\n        \"trees_url\": \"https://api.github.com/repos/sbhaskara-ca/pipeline-test/git/trees{/sha}\",\n        \"statuses_url\": \"https://api.github.com/repos/sbhaskara-ca/pipeline-test/statuses/{sha}\",\n        \"languages_url\": \"https://api.github.com/repos/sbhaskara-ca/pipeline-test/languages\",\n        \"stargazers_url\": \"https://api.github.com/repos/sbhaskara-ca/pipeline-test/stargazers\",\n        \"contributors_url\": \"https://api.github.com/repos/sbhaskara-ca/pipeline-test/contributors\",\n        \"subscribers_url\": \"https://api.github.com/repos/sbhaskara-ca/pipeline-test/subscribers\",\n        \"subscription_url\": \"https://api.github.com/repos/sbhaskara-ca/pipeline-test/subscription\",\n        \"commits_url\": \"https://api.github.com/repos/sbhaskara-ca/pipeline-test/commits{/sha}\",\n        \"git_commits_url\": \"https://api.github.com/repos/sbhaskara-ca/pipeline-test/git/commits{/sha}\",\n        \"comments_url\": \"https://api.github.com/repos/sbhaskara-ca/pipeline-test/comments{/number}\",\n        \"issue_comment_url\": \"https://api.github.com/repos/sbhaskara-ca/pipeline-test/issues/comments{/number}\",\n        \"contents_url\": \"https://api.github.com/repos/sbhaskara-ca/pipeline-test/contents/{+path}\",\n        \"compare_url\": \"https://api.github.com/repos/sbhaskara-ca/pipeline-test/compare/{base}...{head}\",\n        \"merges_url\": \"https://api.github.com/repos/sbhaskara-ca/pipeline-test/merges\",\n        \"archive_url\": \"https://api.github.com/repos/sbhaskara-ca/pipeline-test/{archive_format}{/ref}\",\n        \"downloads_url\": \"https://api.github.com/repos/sbhaskara-ca/pipeline-test/downloads\",\n        \"issues_url\": \"https://api.github.com/repos/sbhaskara-ca/pipeline-test/issues{/number}\",\n        \"pulls_url\": \"https://api.github.com/repos/sbhaskara-ca/pipeline-test/pulls{/number}\",\n        \"milestones_url\": \"https://api.github.com/repos/sbhaskara-ca/pipeline-test/milestones{/number}\",\n        \"notifications_url\": \"https://api.github.com/repos/sbhaskara-ca/pipeline-test/notifications{?since,all,participating}\",\n        \"labels_url\": \"https://api.github.com/repos/sbhaskara-ca/pipeline-test/labels{/name}\",\n        \"releases_url\": \"https://api.github.com/repos/sbhaskara-ca/pipeline-test/releases{/id}\",\n        \"deployments_url\": \"https://api.github.com/repos/sbhaskara-ca/pipeline-test/deployments\",\n        \"created_at\": \"2020-03-12T21:04:05Z\",\n        \"updated_at\": \"2021-08-31T20:09:24Z\",\n        \"pushed_at\": \"2021-08-31T20:09:21Z\",\n        \"git_url\": \"git://github.com/sbhaskara-ca/pipeline-test.git\",\n        \"ssh_url\": \"git@github.com:sbhaskara-ca/pipeline-test.git\",\n        \"clone_url\": \"https://github.com/sbhaskara-ca/pipeline-test.git\",\n        \"svn_url\": \"https://github.com/sbhaskara-ca/pipeline-test\",\n        \"homepage\": null,\n        \"size\": 82,\n        \"stargazers_count\": 0,\n        \"watchers_count\": 0,\n        \"language\": \"Java\",\n        \"has_issues\": true,\n        \"has_projects\": true,\n        \"has_downloads\": true,\n        \"has_wiki\": true,\n        \"has_pages\": false,\n        \"forks_count\": 0,\n        \"mirror_url\": null,\n        \"archived\": false,\n        \"disabled\": false,\n        \"open_issues_count\": 7,\n        \"license\": {\n          \"key\": \"bsd-3-clause\",\n          \"name\": \"BSD 3-Clause \\\"New\\\" or \\\"Revised\\\" License\",\n          \"spdx_id\": \"BSD-3-Clause\",\n          \"url\": \"https://api.github.com/licenses/bsd-3-clause\",\n          \"node_id\": \"MDc6TGljZW5zZTU=\"\n        },\n        \"allow_forking\": true,\n        \"is_template\": false,\n        \"topics\": [],\n        \"visibility\": \"public\",\n        \"forks\": 0,\n        \"open_issues\": 7,\n        \"watchers\": 0,\n        \"default_branch\": \"master\"\n      }\n    },\n    \"_links\": {\n      \"self\": {\n        \"href\": \"https://api.github.com/repos/sbhaskara-ca/pipeline-test/pulls/11\"\n      },\n      \"html\": {\n        \"href\": \"https://github.com/sbhaskara-ca/pipeline-test/pull/11\"\n      },\n      \"issue\": {\n        \"href\": \"https://api.github.com/repos/sbhaskara-ca/pipeline-test/issues/11\"\n      },\n      \"comments\": {\n        \"href\": \"https://api.github.com/repos/sbhaskara-ca/pipeline-test/issues/11/comments\"\n      },\n      \"review_comments\": {\n        \"href\": \"https://api.github.com/repos/sbhaskara-ca/pipeline-test/pulls/11/comments\"\n      },\n      \"review_comment\": {\n        \"href\": \"https://api.github.com/repos/sbhaskara-ca/pipeline-test/pulls/comments{/number}\"\n      },\n      \"commits\": {\n        \"href\": \"https://api.github.com/repos/sbhaskara-ca/pipeline-test/pulls/11/commits\"\n      },\n      \"statuses\": {\n        \"href\": \"https://api.github.com/repos/sbhaskara-ca/pipeline-test/statuses/009d44a7d5e0d20227ea4bd782b477246f4b2d72\"\n      }\n    },\n    \"author_association\": \"OWNER\",\n    \"auto_merge\": null,\n    \"active_lock_reason\": null\n  },\n  {\n    \"url\": \"https://api.github.com/repos/sbhaskara-ca/pipeline-test/pulls/10\",\n    \"id\": 390575601,\n    \"node_id\": \"MDExOlB1bGxSZXF1ZXN0MzkwNTc1NjAx\",\n    \"html_url\": \"https://github.com/sbhaskara-ca/pipeline-test/pull/10\",\n    \"diff_url\": \"https://github.com/sbhaskara-ca/pipeline-test/pull/10.diff\",\n    \"patch_url\": \"https://github.com/sbhaskara-ca/pipeline-test/pull/10.patch\",\n    \"issue_url\": \"https://api.github.com/repos/sbhaskara-ca/pipeline-test/issues/10\",\n    \"number\": 10,\n    \"state\": \"closed\",\n    \"locked\": false,\n    \"title\": \"Test commit\",\n    \"user\": {\n      \"login\": \"sbhaskara-ca\",\n      \"id\": 58863091,\n      \"node_id\": \"MDQ6VXNlcjU4ODYzMDkx\",\n      \"avatar_url\": \"https://avatars.githubusercontent.com/u/58863091?v=4\",\n      \"gravatar_id\": \"\",\n      \"url\": \"https://api.github.com/users/sbhaskara-ca\",\n      \"html_url\": \"https://github.com/sbhaskara-ca\",\n      \"followers_url\": \"https://api.github.com/users/sbhaskara-ca/followers\",\n      \"following_url\": \"https://api.github.com/users/sbhaskara-ca/following{/other_user}\",\n      \"gists_url\": \"https://api.github.com/users/sbhaskara-ca/gists{/gist_id}\",\n      \"starred_url\": \"https://api.github.com/users/sbhaskara-ca/starred{/owner}{/repo}\",\n      \"subscriptions_url\": \"https://api.github.com/users/sbhaskara-ca/subscriptions\",\n      \"organizations_url\": \"https://api.github.com/users/sbhaskara-ca/orgs\",\n      \"repos_url\": \"https://api.github.com/users/sbhaskara-ca/repos\",\n      \"events_url\": \"https://api.github.com/users/sbhaskara-ca/events{/privacy}\",\n      \"received_events_url\": \"https://api.github.com/users/sbhaskara-ca/received_events\",\n      \"type\": \"User\",\n      \"site_admin\": false\n    },\n    \"body\": \"\",\n    \"created_at\": \"2020-03-18T17:39:16Z\",\n    \"updated_at\": \"2020-03-18T17:39:25Z\",\n    \"closed_at\": \"2020-03-18T17:39:24Z\",\n    \"merged_at\": \"2020-03-18T17:39:24Z\",\n    \"merge_commit_sha\": \"326f03085cf0e63d3e2554922187179109439033\",\n    \"assignee\": null,\n    \"assignees\": [],\n    \"requested_reviewers\": [],\n    \"requested_teams\": [],\n    \"labels\": [],\n    \"milestone\": null,\n    \"draft\": false,\n    \"commits_url\": \"https://api.github.com/repos/sbhaskara-ca/pipeline-test/pulls/10/commits\",\n    \"review_comments_url\": \"https://api.github.com/repos/sbhaskara-ca/pipeline-test/pulls/10/comments\",\n    \"review_comment_url\": \"https://api.github.com/repos/sbhaskara-ca/pipeline-test/pulls/comments{/number}\",\n    \"comments_url\": \"https://api.github.com/repos/sbhaskara-ca/pipeline-test/issues/10/comments\",\n    \"statuses_url\": \"https://api.github.com/repos/sbhaskara-ca/pipeline-test/statuses/55363c0726db3bc91b73d1a339626d74119b190b\",\n    \"head\": {\n      \"label\": \"sbhaskara-ca:feature/RM-23\",\n      \"ref\": \"feature/RM-23\",\n      \"sha\": \"55363c0726db3bc91b73d1a339626d74119b190b\",\n      \"user\": {\n        \"login\": \"sbhaskara-ca\",\n        \"id\": 58863091,\n        \"node_id\": \"MDQ6VXNlcjU4ODYzMDkx\",\n        \"avatar_url\": \"https://avatars.githubusercontent.com/u/58863091?v=4\",\n        \"gravatar_id\": \"\",\n        \"url\": \"https://api.github.com/users/sbhaskara-ca\",\n        \"html_url\": \"https://github.com/sbhaskara-ca\",\n        \"followers_url\": \"https://api.github.com/users/sbhaskara-ca/followers\",\n        \"following_url\": \"https://api.github.com/users/sbhaskara-ca/following{/other_user}\",\n        \"gists_url\": \"https://api.github.com/users/sbhaskara-ca/gists{/gist_id}\",\n        \"starred_url\": \"https://api.github.com/users/sbhaskara-ca/starred{/owner}{/repo}\",\n        \"subscriptions_url\": \"https://api.github.com/users/sbhaskara-ca/subscriptions\",\n        \"organizations_url\": \"https://api.github.com/users/sbhaskara-ca/orgs\",\n        \"repos_url\": \"https://api.github.com/users/sbhaskara-ca/repos\",\n        \"events_url\": \"https://api.github.com/users/sbhaskara-ca/events{/privacy}\",\n        \"received_events_url\": \"https://api.github.com/users/sbhaskara-ca/received_events\",\n        \"type\": \"User\",\n        \"site_admin\": false\n      },\n      \"repo\": {\n        \"id\": 246930604,\n        \"node_id\": \"MDEwOlJlcG9zaXRvcnkyNDY5MzA2MDQ=\",\n        \"name\": \"pipeline-test\",\n        \"full_name\": \"sbhaskara-ca/pipeline-test\",\n        \"private\": false,\n        \"owner\": {\n          \"login\": \"sbhaskara-ca\",\n          \"id\": 58863091,\n          \"node_id\": \"MDQ6VXNlcjU4ODYzMDkx\",\n          \"avatar_url\": \"https://avatars.githubusercontent.com/u/58863091?v=4\",\n          \"gravatar_id\": \"\",\n          \"url\": \"https://api.github.com/users/sbhaskara-ca\",\n          \"html_url\": \"https://github.com/sbhaskara-ca\",\n          \"followers_url\": \"https://api.github.com/users/sbhaskara-ca/followers\",\n          \"following_url\": \"https://api.github.com/users/sbhaskara-ca/following{/other_user}\",\n          \"gists_url\": \"https://api.github.com/users/sbhaskara-ca/gists{/gist_id}\",\n          \"starred_url\": \"https://api.github.com/users/sbhaskara-ca/starred{/owner}{/repo}\",\n          \"subscriptions_url\": \"https://api.github.com/users/sbhaskara-ca/subscriptions\",\n          \"organizations_url\": \"https://api.github.com/users/sbhaskara-ca/orgs\",\n          \"repos_url\": \"https://api.github.com/users/sbhaskara-ca/repos\",\n          \"events_url\": \"https://api.github.com/users/sbhaskara-ca/events{/privacy}\",\n          \"received_events_url\": \"https://api.github.com/users/sbhaskara-ca/received_events\",\n          \"type\": \"User\",\n          \"site_admin\": false\n        },\n        \"html_url\": \"https://github.com/sbhaskara-ca/pipeline-test\",\n        \"description\": \"pipeline test\",\n        \"fork\": false,\n        \"url\": \"https://api.github.com/repos/sbhaskara-ca/pipeline-test\",\n        \"forks_url\": \"https://api.github.com/repos/sbhaskara-ca/pipeline-test/forks\",\n        \"keys_url\": \"https://api.github.com/repos/sbhaskara-ca/pipeline-test/keys{/key_id}\",\n        \"collaborators_url\": \"https://api.github.com/repos/sbhaskara-ca/pipeline-test/collaborators{/collaborator}\",\n        \"teams_url\": \"https://api.github.com/repos/sbhaskara-ca/pipeline-test/teams\",\n        \"hooks_url\": \"https://api.github.com/repos/sbhaskara-ca/pipeline-test/hooks\",\n        \"issue_events_url\": \"https://api.github.com/repos/sbhaskara-ca/pipeline-test/issues/events{/number}\",\n        \"events_url\": \"https://api.github.com/repos/sbhaskara-ca/pipeline-test/events\",\n        \"assignees_url\": \"https://api.github.com/repos/sbhaskara-ca/pipeline-test/assignees{/user}\",\n        \"branches_url\": \"https://api.github.com/repos/sbhaskara-ca/pipeline-test/branches{/branch}\",\n        \"tags_url\": \"https://api.github.com/repos/sbhaskara-ca/pipeline-test/tags\",\n        \"blobs_url\": \"https://api.github.com/repos/sbhaskara-ca/pipeline-test/git/blobs{/sha}\",\n        \"git_tags_url\": \"https://api.github.com/repos/sbhaskara-ca/pipeline-test/git/tags{/sha}\",\n        \"git_refs_url\": \"https://api.github.com/repos/sbhaskara-ca/pipeline-test/git/refs{/sha}\",\n        \"trees_url\": \"https://api.github.com/repos/sbhaskara-ca/pipeline-test/git/trees{/sha}\",\n        \"statuses_url\": \"https://api.github.com/repos/sbhaskara-ca/pipeline-test/statuses/{sha}\",\n        \"languages_url\": \"https://api.github.com/repos/sbhaskara-ca/pipeline-test/languages\",\n        \"stargazers_url\": \"https://api.github.com/repos/sbhaskara-ca/pipeline-test/stargazers\",\n        \"contributors_url\": \"https://api.github.com/repos/sbhaskara-ca/pipeline-test/contributors\",\n        \"subscribers_url\": \"https://api.github.com/repos/sbhaskara-ca/pipeline-test/subscribers\",\n        \"subscription_url\": \"https://api.github.com/repos/sbhaskara-ca/pipeline-test/subscription\",\n        \"commits_url\": \"https://api.github.com/repos/sbhaskara-ca/pipeline-test/commits{/sha}\",\n        \"git_commits_url\": \"https://api.github.com/repos/sbhaskara-ca/pipeline-test/git/commits{/sha}\",\n        \"comments_url\": \"https://api.github.com/repos/sbhaskara-ca/pipeline-test/comments{/number}\",\n        \"issue_comment_url\": \"https://api.github.com/repos/sbhaskara-ca/pipeline-test/issues/comments{/number}\",\n        \"contents_url\": \"https://api.github.com/repos/sbhaskara-ca/pipeline-test/contents/{+path}\",\n        \"compare_url\": \"https://api.github.com/repos/sbhaskara-ca/pipeline-test/compare/{base}...{head}\",\n        \"merges_url\": \"https://api.github.com/repos/sbhaskara-ca/pipeline-test/merges\",\n        \"archive_url\": \"https://api.github.com/repos/sbhaskara-ca/pipeline-test/{archive_format}{/ref}\",\n        \"downloads_url\": \"https://api.github.com/repos/sbhaskara-ca/pipeline-test/downloads\",\n        \"issues_url\": \"https://api.github.com/repos/sbhaskara-ca/pipeline-test/issues{/number}\",\n        \"pulls_url\": \"https://api.github.com/repos/sbhaskara-ca/pipeline-test/pulls{/number}\",\n        \"milestones_url\": \"https://api.github.com/repos/sbhaskara-ca/pipeline-test/milestones{/number}\",\n        \"notifications_url\": \"https://api.github.com/repos/sbhaskara-ca/pipeline-test/notifications{?since,all,participating}\",\n        \"labels_url\": \"https://api.github.com/repos/sbhaskara-ca/pipeline-test/labels{/name}\",\n        \"releases_url\": \"https://api.github.com/repos/sbhaskara-ca/pipeline-test/releases{/id}\",\n        \"deployments_url\": \"https://api.github.com/repos/sbhaskara-ca/pipeline-test/deployments\",\n        \"created_at\": \"2020-03-12T21:04:05Z\",\n        \"updated_at\": \"2021-08-31T20:09:24Z\",\n        \"pushed_at\": \"2021-08-31T20:09:21Z\",\n        \"git_url\": \"git://github.com/sbhaskara-ca/pipeline-test.git\",\n        \"ssh_url\": \"git@github.com:sbhaskara-ca/pipeline-test.git\",\n        \"clone_url\": \"https://github.com/sbhaskara-ca/pipeline-test.git\",\n        \"svn_url\": \"https://github.com/sbhaskara-ca/pipeline-test\",\n        \"homepage\": null,\n        \"size\": 82,\n        \"stargazers_count\": 0,\n        \"watchers_count\": 0,\n        \"language\": \"Java\",\n        \"has_issues\": true,\n        \"has_projects\": true,\n        \"has_downloads\": true,\n        \"has_wiki\": true,\n        \"has_pages\": false,\n        \"forks_count\": 0,\n        \"mirror_url\": null,\n        \"archived\": false,\n        \"disabled\": false,\n        \"open_issues_count\": 7,\n        \"license\": {\n          \"key\": \"bsd-3-clause\",\n          \"name\": \"BSD 3-Clause \\\"New\\\" or \\\"Revised\\\" License\",\n          \"spdx_id\": \"BSD-3-Clause\",\n          \"url\": \"https://api.github.com/licenses/bsd-3-clause\",\n          \"node_id\": \"MDc6TGljZW5zZTU=\"\n        },\n        \"allow_forking\": true,\n        \"is_template\": false,\n        \"topics\": [],\n        \"visibility\": \"public\",\n        \"forks\": 0,\n        \"open_issues\": 7,\n        \"watchers\": 0,\n        \"default_branch\": \"master\"\n      }\n    },\n    \"base\": {\n      \"label\": \"sbhaskara-ca:master\",\n      \"ref\": \"master\",\n      \"sha\": \"854b8461b3b3ab10e7a8a340f0339a0fb694e7c5\",\n      \"user\": {\n        \"login\": \"sbhaskara-ca\",\n        \"id\": 58863091,\n        \"node_id\": \"MDQ6VXNlcjU4ODYzMDkx\",\n        \"avatar_url\": \"https://avatars.githubusercontent.com/u/58863091?v=4\",\n        \"gravatar_id\": \"\",\n        \"url\": \"https://api.github.com/users/sbhaskara-ca\",\n        \"html_url\": \"https://github.com/sbhaskara-ca\",\n        \"followers_url\": \"https://api.github.com/users/sbhaskara-ca/followers\",\n        \"following_url\": \"https://api.github.com/users/sbhaskara-ca/following{/other_user}\",\n        \"gists_url\": \"https://api.github.com/users/sbhaskara-ca/gists{/gist_id}\",\n        \"starred_url\": \"https://api.github.com/users/sbhaskara-ca/starred{/owner}{/repo}\",\n        \"subscriptions_url\": \"https://api.github.com/users/sbhaskara-ca/subscriptions\",\n        \"organizations_url\": \"https://api.github.com/users/sbhaskara-ca/orgs\",\n        \"repos_url\": \"https://api.github.com/users/sbhaskara-ca/repos\",\n        \"events_url\": \"https://api.github.com/users/sbhaskara-ca/events{/privacy}\",\n        \"received_events_url\": \"https://api.github.com/users/sbhaskara-ca/received_events\",\n        \"type\": \"User\",\n        \"site_admin\": false\n      },\n      \"repo\": {\n        \"id\": 246930604,\n        \"node_id\": \"MDEwOlJlcG9zaXRvcnkyNDY5MzA2MDQ=\",\n        \"name\": \"pipeline-test\",\n        \"full_name\": \"sbhaskara-ca/pipeline-test\",\n        \"private\": false,\n        \"owner\": {\n          \"login\": \"sbhaskara-ca\",\n          \"id\": 58863091,\n          \"node_id\": \"MDQ6VXNlcjU4ODYzMDkx\",\n          \"avatar_url\": \"https://avatars.githubusercontent.com/u/58863091?v=4\",\n          \"gravatar_id\": \"\",\n          \"url\": \"https://api.github.com/users/sbhaskara-ca\",\n          \"html_url\": \"https://github.com/sbhaskara-ca\",\n          \"followers_url\": \"https://api.github.com/users/sbhaskara-ca/followers\",\n          \"following_url\": \"https://api.github.com/users/sbhaskara-ca/following{/other_user}\",\n          \"gists_url\": \"https://api.github.com/users/sbhaskara-ca/gists{/gist_id}\",\n          \"starred_url\": \"https://api.github.com/users/sbhaskara-ca/starred{/owner}{/repo}\",\n          \"subscriptions_url\": \"https://api.github.com/users/sbhaskara-ca/subscriptions\",\n          \"organizations_url\": \"https://api.github.com/users/sbhaskara-ca/orgs\",\n          \"repos_url\": \"https://api.github.com/users/sbhaskara-ca/repos\",\n          \"events_url\": \"https://api.github.com/users/sbhaskara-ca/events{/privacy}\",\n          \"received_events_url\": \"https://api.github.com/users/sbhaskara-ca/received_events\",\n          \"type\": \"User\",\n          \"site_admin\": false\n        },\n        \"html_url\": \"https://github.com/sbhaskara-ca/pipeline-test\",\n        \"description\": \"pipeline test\",\n        \"fork\": false,\n        \"url\": \"https://api.github.com/repos/sbhaskara-ca/pipeline-test\",\n        \"forks_url\": \"https://api.github.com/repos/sbhaskara-ca/pipeline-test/forks\",\n        \"keys_url\": \"https://api.github.com/repos/sbhaskara-ca/pipeline-test/keys{/key_id}\",\n        \"collaborators_url\": \"https://api.github.com/repos/sbhaskara-ca/pipeline-test/collaborators{/collaborator}\",\n        \"teams_url\": \"https://api.github.com/repos/sbhaskara-ca/pipeline-test/teams\",\n        \"hooks_url\": \"https://api.github.com/repos/sbhaskara-ca/pipeline-test/hooks\",\n        \"issue_events_url\": \"https://api.github.com/repos/sbhaskara-ca/pipeline-test/issues/events{/number}\",\n        \"events_url\": \"https://api.github.com/repos/sbhaskara-ca/pipeline-test/events\",\n        \"assignees_url\": \"https://api.github.com/repos/sbhaskara-ca/pipeline-test/assignees{/user}\",\n        \"branches_url\": \"https://api.github.com/repos/sbhaskara-ca/pipeline-test/branches{/branch}\",\n        \"tags_url\": \"https://api.github.com/repos/sbhaskara-ca/pipeline-test/tags\",\n        \"blobs_url\": \"https://api.github.com/repos/sbhaskara-ca/pipeline-test/git/blobs{/sha}\",\n        \"git_tags_url\": \"https://api.github.com/repos/sbhaskara-ca/pipeline-test/git/tags{/sha}\",\n        \"git_refs_url\": \"https://api.github.com/repos/sbhaskara-ca/pipeline-test/git/refs{/sha}\",\n        \"trees_url\": \"https://api.github.com/repos/sbhaskara-ca/pipeline-test/git/trees{/sha}\",\n        \"statuses_url\": \"https://api.github.com/repos/sbhaskara-ca/pipeline-test/statuses/{sha}\",\n        \"languages_url\": \"https://api.github.com/repos/sbhaskara-ca/pipeline-test/languages\",\n        \"stargazers_url\": \"https://api.github.com/repos/sbhaskara-ca/pipeline-test/stargazers\",\n        \"contributors_url\": \"https://api.github.com/repos/sbhaskara-ca/pipeline-test/contributors\",\n        \"subscribers_url\": \"https://api.github.com/repos/sbhaskara-ca/pipeline-test/subscribers\",\n        \"subscription_url\": \"https://api.github.com/repos/sbhaskara-ca/pipeline-test/subscription\",\n        \"commits_url\": \"https://api.github.com/repos/sbhaskara-ca/pipeline-test/commits{/sha}\",\n        \"git_commits_url\": \"https://api.github.com/repos/sbhaskara-ca/pipeline-test/git/commits{/sha}\",\n        \"comments_url\": \"https://api.github.com/repos/sbhaskara-ca/pipeline-test/comments{/number}\",\n        \"issue_comment_url\": \"https://api.github.com/repos/sbhaskara-ca/pipeline-test/issues/comments{/number}\",\n        \"contents_url\": \"https://api.github.com/repos/sbhaskara-ca/pipeline-test/contents/{+path}\",\n        \"compare_url\": \"https://api.github.com/repos/sbhaskara-ca/pipeline-test/compare/{base}...{head}\",\n        \"merges_url\": \"https://api.github.com/repos/sbhaskara-ca/pipeline-test/merges\",\n        \"archive_url\": \"https://api.github.com/repos/sbhaskara-ca/pipeline-test/{archive_format}{/ref}\",\n        \"downloads_url\": \"https://api.github.com/repos/sbhaskara-ca/pipeline-test/downloads\",\n        \"issues_url\": \"https://api.github.com/repos/sbhaskara-ca/pipeline-test/issues{/number}\",\n        \"pulls_url\": \"https://api.github.com/repos/sbhaskara-ca/pipeline-test/pulls{/number}\",\n        \"milestones_url\": \"https://api.github.com/repos/sbhaskara-ca/pipeline-test/milestones{/number}\",\n        \"notifications_url\": \"https://api.github.com/repos/sbhaskara-ca/pipeline-test/notifications{?since,all,participating}\",\n        \"labels_url\": \"https://api.github.com/repos/sbhaskara-ca/pipeline-test/labels{/name}\",\n        \"releases_url\": \"https://api.github.com/repos/sbhaskara-ca/pipeline-test/releases{/id}\",\n        \"deployments_url\": \"https://api.github.com/repos/sbhaskara-ca/pipeline-test/deployments\",\n        \"created_at\": \"2020-03-12T21:04:05Z\",\n        \"updated_at\": \"2021-08-31T20:09:24Z\",\n        \"pushed_at\": \"2021-08-31T20:09:21Z\",\n        \"git_url\": \"git://github.com/sbhaskara-ca/pipeline-test.git\",\n        \"ssh_url\": \"git@github.com:sbhaskara-ca/pipeline-test.git\",\n        \"clone_url\": \"https://github.com/sbhaskara-ca/pipeline-test.git\",\n        \"svn_url\": \"https://github.com/sbhaskara-ca/pipeline-test\",\n        \"homepage\": null,\n        \"size\": 82,\n        \"stargazers_count\": 0,\n        \"watchers_count\": 0,\n        \"language\": \"Java\",\n        \"has_issues\": true,\n        \"has_projects\": true,\n        \"has_downloads\": true,\n        \"has_wiki\": true,\n        \"has_pages\": false,\n        \"forks_count\": 0,\n        \"mirror_url\": null,\n        \"archived\": false,\n        \"disabled\": false,\n        \"open_issues_count\": 7,\n        \"license\": {\n          \"key\": \"bsd-3-clause\",\n          \"name\": \"BSD 3-Clause \\\"New\\\" or \\\"Revised\\\" License\",\n          \"spdx_id\": \"BSD-3-Clause\",\n          \"url\": \"https://api.github.com/licenses/bsd-3-clause\",\n          \"node_id\": \"MDc6TGljZW5zZTU=\"\n        },\n        \"allow_forking\": true,\n        \"is_template\": false,\n        \"topics\": [],\n        \"visibility\": \"public\",\n        \"forks\": 0,\n        \"open_issues\": 7,\n        \"watchers\": 0,\n        \"default_branch\": \"master\"\n      }\n    },\n    \"_links\": {\n      \"self\": {\n        \"href\": \"https://api.github.com/repos/sbhaskara-ca/pipeline-test/pulls/10\"\n      },\n      \"html\": {\n        \"href\": \"https://github.com/sbhaskara-ca/pipeline-test/pull/10\"\n      },\n      \"issue\": {\n        \"href\": \"https://api.github.com/repos/sbhaskara-ca/pipeline-test/issues/10\"\n      },\n      \"comments\": {\n        \"href\": \"https://api.github.com/repos/sbhaskara-ca/pipeline-test/issues/10/comments\"\n      },\n      \"review_comments\": {\n        \"href\": \"https://api.github.com/repos/sbhaskara-ca/pipeline-test/pulls/10/comments\"\n      },\n      \"review_comment\": {\n        \"href\": \"https://api.github.com/repos/sbhaskara-ca/pipeline-test/pulls/comments{/number}\"\n      },\n      \"commits\": {\n        \"href\": \"https://api.github.com/repos/sbhaskara-ca/pipeline-test/pulls/10/commits\"\n      },\n      \"statuses\": {\n        \"href\": \"https://api.github.com/repos/sbhaskara-ca/pipeline-test/statuses/55363c0726db3bc91b73d1a339626d74119b190b\"\n      }\n    },\n    \"author_association\": \"OWNER\",\n    \"auto_merge\": null,\n    \"active_lock_reason\": null\n  }\n]","contentAvailable":true,"statusCode":2}}},"QUERY_RECORD_BY_ID":{"templateId":65,"operation":"QUERY_RECORD_BY_ID","httpVerb":"GET","restUrl":"repos/${Owner}/${Repository}/${Artifact}/${recordId}","specifications":{"Request":{"specId":117,"type":"Request","adapterType":null,"specType":null,"status":"Active","specification":null,"samplePayload":null,"contentAvailable":false,"statusCode":2},"Response":{"specId":118,"type":"Response","adapterType":null,"specType":"JOLT","status":"Active","specification":"[{\n  \"operation\": \"shift\",\n  \"spec\": {\n    \"number\": \"id\",\n    \"title\": \"fields.&\",\n    \"body\": \"fields.&\",\n    \"created_at\": \"fields.&\",\n    \"updated_at\": \"fields.&\",\n    \"closed_at\": \"fields.&\",\n    \"merged_at\": \"fields.&\",\n    \"user\": {\n      \"login\": \"fields.user\"\n    },\n    \"head\": {\n      \"ref\": \"fields.headRef\"\n    },\n    \"base\": {\n      \"ref\": \"fields.baseRef\"\n    }\n  }\n}, {\n  \"operation\": \"modify-overwrite-beta\",\n  \"spec\": {\n    \"id\": \"=toString\"\n  }\n}]\n","samplePayload":"{\n  \"url\": \"https://api.github.com/repos/sbhaskara-ca/pipeline-test/pulls/11\",\n  \"id\": 390759965,\n  \"node_id\": \"MDExOlB1bGxSZXF1ZXN0MzkwNzU5OTY1\",\n  \"html_url\": \"https://github.com/sbhaskara-ca/pipeline-test/pull/11\",\n  \"diff_url\": \"https://github.com/sbhaskara-ca/pipeline-test/pull/11.diff\",\n  \"patch_url\": \"https://github.com/sbhaskara-ca/pipeline-test/pull/11.patch\",\n  \"issue_url\": \"https://api.github.com/repos/sbhaskara-ca/pipeline-test/issues/11\",\n  \"number\": 11,\n  \"state\": \"closed\",\n  \"locked\": false,\n  \"title\": \"RM-33 feature Implemented\",\n  \"user\": {\n    \"login\": \"sbhaskara-ca\",\n    \"id\": 58863091,\n    \"node_id\": \"MDQ6VXNlcjU4ODYzMDkx\",\n    \"avatar_url\": \"https://avatars.githubusercontent.com/u/58863091?v=4\",\n    \"gravatar_id\": \"\",\n    \"url\": \"https://api.github.com/users/sbhaskara-ca\",\n    \"html_url\": \"https://github.com/sbhaskara-ca\",\n    \"followers_url\": \"https://api.github.com/users/sbhaskara-ca/followers\",\n    \"following_url\": \"https://api.github.com/users/sbhaskara-ca/following{/other_user}\",\n    \"gists_url\": \"https://api.github.com/users/sbhaskara-ca/gists{/gist_id}\",\n    \"starred_url\": \"https://api.github.com/users/sbhaskara-ca/starred{/owner}{/repo}\",\n    \"subscriptions_url\": \"https://api.github.com/users/sbhaskara-ca/subscriptions\",\n    \"organizations_url\": \"https://api.github.com/users/sbhaskara-ca/orgs\",\n    \"repos_url\": \"https://api.github.com/users/sbhaskara-ca/repos\",\n    \"events_url\": \"https://api.github.com/users/sbhaskara-ca/events{/privacy}\",\n    \"received_events_url\": \"https://api.github.com/users/sbhaskara-ca/received_events\",\n    \"type\": \"User\",\n    \"site_admin\": false\n  },\n  \"body\": \"\",\n  \"created_at\": \"2020-03-19T02:19:51Z\",\n  \"updated_at\": \"2020-03-19T02:19:58Z\",\n  \"closed_at\": \"2020-03-19T02:19:58Z\",\n  \"merged_at\": \"2020-03-19T02:19:58Z\",\n  \"merge_commit_sha\": \"e048dc9fed6945f412e272aaafd32270dec910b7\",\n  \"assignee\": null,\n  \"assignees\": [],\n  \"requested_reviewers\": [],\n  \"requested_teams\": [],\n  \"labels\": [],\n  \"milestone\": null,\n  \"draft\": false,\n  \"commits_url\": \"https://api.github.com/repos/sbhaskara-ca/pipeline-test/pulls/11/commits\",\n  \"review_comments_url\": \"https://api.github.com/repos/sbhaskara-ca/pipeline-test/pulls/11/comments\",\n  \"review_comment_url\": \"https://api.github.com/repos/sbhaskara-ca/pipeline-test/pulls/comments{/number}\",\n  \"comments_url\": \"https://api.github.com/repos/sbhaskara-ca/pipeline-test/issues/11/comments\",\n  \"statuses_url\": \"https://api.github.com/repos/sbhaskara-ca/pipeline-test/statuses/009d44a7d5e0d20227ea4bd782b477246f4b2d72\",\n  \"head\": {\n    \"label\": \"sbhaskara-ca:feature/RM-33\",\n    \"ref\": \"feature/RM-33\",\n    \"sha\": \"009d44a7d5e0d20227ea4bd782b477246f4b2d72\",\n    \"user\": {\n      \"login\": \"sbhaskara-ca\",\n      \"id\": 58863091,\n      \"node_id\": \"MDQ6VXNlcjU4ODYzMDkx\",\n      \"avatar_url\": \"https://avatars.githubusercontent.com/u/58863091?v=4\",\n      \"gravatar_id\": \"\",\n      \"url\": \"https://api.github.com/users/sbhaskara-ca\",\n      \"html_url\": \"https://github.com/sbhaskara-ca\",\n      \"followers_url\": \"https://api.github.com/users/sbhaskara-ca/followers\",\n      \"following_url\": \"https://api.github.com/users/sbhaskara-ca/following{/other_user}\",\n      \"gists_url\": \"https://api.github.com/users/sbhaskara-ca/gists{/gist_id}\",\n      \"starred_url\": \"https://api.github.com/users/sbhaskara-ca/starred{/owner}{/repo}\",\n      \"subscriptions_url\": \"https://api.github.com/users/sbhaskara-ca/subscriptions\",\n      \"organizations_url\": \"https://api.github.com/users/sbhaskara-ca/orgs\",\n      \"repos_url\": \"https://api.github.com/users/sbhaskara-ca/repos\",\n      \"events_url\": \"https://api.github.com/users/sbhaskara-ca/events{/privacy}\",\n      \"received_events_url\": \"https://api.github.com/users/sbhaskara-ca/received_events\",\n      \"type\": \"User\",\n      \"site_admin\": false\n    },\n    \"repo\": {\n      \"id\": 246930604,\n      \"node_id\": \"MDEwOlJlcG9zaXRvcnkyNDY5MzA2MDQ=\",\n      \"name\": \"pipeline-test\",\n      \"full_name\": \"sbhaskara-ca/pipeline-test\",\n      \"private\": false,\n      \"owner\": {\n        \"login\": \"sbhaskara-ca\",\n        \"id\": 58863091,\n        \"node_id\": \"MDQ6VXNlcjU4ODYzMDkx\",\n        \"avatar_url\": \"https://avatars.githubusercontent.com/u/58863091?v=4\",\n        \"gravatar_id\": \"\",\n        \"url\": \"https://api.github.com/users/sbhaskara-ca\",\n        \"html_url\": \"https://github.com/sbhaskara-ca\",\n        \"followers_url\": \"https://api.github.com/users/sbhaskara-ca/followers\",\n        \"following_url\": \"https://api.github.com/users/sbhaskara-ca/following{/other_user}\",\n        \"gists_url\": \"https://api.github.com/users/sbhaskara-ca/gists{/gist_id}\",\n        \"starred_url\": \"https://api.github.com/users/sbhaskara-ca/starred{/owner}{/repo}\",\n        \"subscriptions_url\": \"https://api.github.com/users/sbhaskara-ca/subscriptions\",\n        \"organizations_url\": \"https://api.github.com/users/sbhaskara-ca/orgs\",\n        \"repos_url\": \"https://api.github.com/users/sbhaskara-ca/repos\",\n        \"events_url\": \"https://api.github.com/users/sbhaskara-ca/events{/privacy}\",\n        \"received_events_url\": \"https://api.github.com/users/sbhaskara-ca/received_events\",\n        \"type\": \"User\",\n        \"site_admin\": false\n      },\n      \"html_url\": \"https://github.com/sbhaskara-ca/pipeline-test\",\n      \"description\": \"pipeline test\",\n      \"fork\": false,\n      \"url\": \"https://api.github.com/repos/sbhaskara-ca/pipeline-test\",\n      \"forks_url\": \"https://api.github.com/repos/sbhaskara-ca/pipeline-test/forks\",\n      \"keys_url\": \"https://api.github.com/repos/sbhaskara-ca/pipeline-test/keys{/key_id}\",\n      \"collaborators_url\": \"https://api.github.com/repos/sbhaskara-ca/pipeline-test/collaborators{/collaborator}\",\n      \"teams_url\": \"https://api.github.com/repos/sbhaskara-ca/pipeline-test/teams\",\n      \"hooks_url\": \"https://api.github.com/repos/sbhaskara-ca/pipeline-test/hooks\",\n      \"issue_events_url\": \"https://api.github.com/repos/sbhaskara-ca/pipeline-test/issues/events{/number}\",\n      \"events_url\": \"https://api.github.com/repos/sbhaskara-ca/pipeline-test/events\",\n      \"assignees_url\": \"https://api.github.com/repos/sbhaskara-ca/pipeline-test/assignees{/user}\",\n      \"branches_url\": \"https://api.github.com/repos/sbhaskara-ca/pipeline-test/branches{/branch}\",\n      \"tags_url\": \"https://api.github.com/repos/sbhaskara-ca/pipeline-test/tags\",\n      \"blobs_url\": \"https://api.github.com/repos/sbhaskara-ca/pipeline-test/git/blobs{/sha}\",\n      \"git_tags_url\": \"https://api.github.com/repos/sbhaskara-ca/pipeline-test/git/tags{/sha}\",\n      \"git_refs_url\": \"https://api.github.com/repos/sbhaskara-ca/pipeline-test/git/refs{/sha}\",\n      \"trees_url\": \"https://api.github.com/repos/sbhaskara-ca/pipeline-test/git/trees{/sha}\",\n      \"statuses_url\": \"https://api.github.com/repos/sbhaskara-ca/pipeline-test/statuses/{sha}\",\n      \"languages_url\": \"https://api.github.com/repos/sbhaskara-ca/pipeline-test/languages\",\n      \"stargazers_url\": \"https://api.github.com/repos/sbhaskara-ca/pipeline-test/stargazers\",\n      \"contributors_url\": \"https://api.github.com/repos/sbhaskara-ca/pipeline-test/contributors\",\n      \"subscribers_url\": \"https://api.github.com/repos/sbhaskara-ca/pipeline-test/subscribers\",\n      \"subscription_url\": \"https://api.github.com/repos/sbhaskara-ca/pipeline-test/subscription\",\n      \"commits_url\": \"https://api.github.com/repos/sbhaskara-ca/pipeline-test/commits{/sha}\",\n      \"git_commits_url\": \"https://api.github.com/repos/sbhaskara-ca/pipeline-test/git/commits{/sha}\",\n      \"comments_url\": \"https://api.github.com/repos/sbhaskara-ca/pipeline-test/comments{/number}\",\n      \"issue_comment_url\": \"https://api.github.com/repos/sbhaskara-ca/pipeline-test/issues/comments{/number}\",\n      \"contents_url\": \"https://api.github.com/repos/sbhaskara-ca/pipeline-test/contents/{+path}\",\n      \"compare_url\": \"https://api.github.com/repos/sbhaskara-ca/pipeline-test/compare/{base}...{head}\",\n      \"merges_url\": \"https://api.github.com/repos/sbhaskara-ca/pipeline-test/merges\",\n      \"archive_url\": \"https://api.github.com/repos/sbhaskara-ca/pipeline-test/{archive_format}{/ref}\",\n      \"downloads_url\": \"https://api.github.com/repos/sbhaskara-ca/pipeline-test/downloads\",\n      \"issues_url\": \"https://api.github.com/repos/sbhaskara-ca/pipeline-test/issues{/number}\",\n      \"pulls_url\": \"https://api.github.com/repos/sbhaskara-ca/pipeline-test/pulls{/number}\",\n      \"milestones_url\": \"https://api.github.com/repos/sbhaskara-ca/pipeline-test/milestones{/number}\",\n      \"notifications_url\": \"https://api.github.com/repos/sbhaskara-ca/pipeline-test/notifications{?since,all,participating}\",\n      \"labels_url\": \"https://api.github.com/repos/sbhaskara-ca/pipeline-test/labels{/name}\",\n      \"releases_url\": \"https://api.github.com/repos/sbhaskara-ca/pipeline-test/releases{/id}\",\n      \"deployments_url\": \"https://api.github.com/repos/sbhaskara-ca/pipeline-test/deployments\",\n      \"created_at\": \"2020-03-12T21:04:05Z\",\n      \"updated_at\": \"2021-08-31T20:09:24Z\",\n      \"pushed_at\": \"2021-08-31T20:09:21Z\",\n      \"git_url\": \"git://github.com/sbhaskara-ca/pipeline-test.git\",\n      \"ssh_url\": \"git@github.com:sbhaskara-ca/pipeline-test.git\",\n      \"clone_url\": \"https://github.com/sbhaskara-ca/pipeline-test.git\",\n      \"svn_url\": \"https://github.com/sbhaskara-ca/pipeline-test\",\n      \"homepage\": null,\n      \"size\": 82,\n      \"stargazers_count\": 0,\n      \"watchers_count\": 0,\n      \"language\": \"Java\",\n      \"has_issues\": true,\n      \"has_projects\": true,\n      \"has_downloads\": true,\n      \"has_wiki\": true,\n      \"has_pages\": false,\n      \"forks_count\": 0,\n      \"mirror_url\": null,\n      \"archived\": false,\n      \"disabled\": false,\n      \"open_issues_count\": 7,\n      \"license\": {\n        \"key\": \"bsd-3-clause\",\n        \"name\": \"BSD 3-Clause \\\"New\\\" or \\\"Revised\\\" License\",\n        \"spdx_id\": \"BSD-3-Clause\",\n        \"url\": \"https://api.github.com/licenses/bsd-3-clause\",\n        \"node_id\": \"MDc6TGljZW5zZTU=\"\n      },\n      \"allow_forking\": true,\n      \"is_template\": false,\n      \"topics\": [],\n      \"visibility\": \"public\",\n      \"forks\": 0,\n      \"open_issues\": 7,\n      \"watchers\": 0,\n      \"default_branch\": \"master\"\n    }\n  },\n  \"base\": {\n    \"label\": \"sbhaskara-ca:master\",\n    \"ref\": \"master\",\n    \"sha\": \"a250eed2b8c10974dc20d517bb73a97458651c91\",\n    \"user\": {\n      \"login\": \"sbhaskara-ca\",\n      \"id\": 58863091,\n      \"node_id\": \"MDQ6VXNlcjU4ODYzMDkx\",\n      \"avatar_url\": \"https://avatars.githubusercontent.com/u/58863091?v=4\",\n      \"gravatar_id\": \"\",\n      \"url\": \"https://api.github.com/users/sbhaskara-ca\",\n      \"html_url\": \"https://github.com/sbhaskara-ca\",\n      \"followers_url\": \"https://api.github.com/users/sbhaskara-ca/followers\",\n      \"following_url\": \"https://api.github.com/users/sbhaskara-ca/following{/other_user}\",\n      \"gists_url\": \"https://api.github.com/users/sbhaskara-ca/gists{/gist_id}\",\n      \"starred_url\": \"https://api.github.com/users/sbhaskara-ca/starred{/owner}{/repo}\",\n      \"subscriptions_url\": \"https://api.github.com/users/sbhaskara-ca/subscriptions\",\n      \"organizations_url\": \"https://api.github.com/users/sbhaskara-ca/orgs\",\n      \"repos_url\": \"https://api.github.com/users/sbhaskara-ca/repos\",\n      \"events_url\": \"https://api.github.com/users/sbhaskara-ca/events{/privacy}\",\n      \"received_events_url\": \"https://api.github.com/users/sbhaskara-ca/received_events\",\n      \"type\": \"User\",\n      \"site_admin\": false\n    },\n    \"repo\": {\n      \"id\": 246930604,\n      \"node_id\": \"MDEwOlJlcG9zaXRvcnkyNDY5MzA2MDQ=\",\n      \"name\": \"pipeline-test\",\n      \"full_name\": \"sbhaskara-ca/pipeline-test\",\n      \"private\": false,\n      \"owner\": {\n        \"login\": \"sbhaskara-ca\",\n        \"id\": 58863091,\n        \"node_id\": \"MDQ6VXNlcjU4ODYzMDkx\",\n        \"avatar_url\": \"https://avatars.githubusercontent.com/u/58863091?v=4\",\n        \"gravatar_id\": \"\",\n        \"url\": \"https://api.github.com/users/sbhaskara-ca\",\n        \"html_url\": \"https://github.com/sbhaskara-ca\",\n        \"followers_url\": \"https://api.github.com/users/sbhaskara-ca/followers\",\n        \"following_url\": \"https://api.github.com/users/sbhaskara-ca/following{/other_user}\",\n        \"gists_url\": \"https://api.github.com/users/sbhaskara-ca/gists{/gist_id}\",\n        \"starred_url\": \"https://api.github.com/users/sbhaskara-ca/starred{/owner}{/repo}\",\n        \"subscriptions_url\": \"https://api.github.com/users/sbhaskara-ca/subscriptions\",\n        \"organizations_url\": \"https://api.github.com/users/sbhaskara-ca/orgs\",\n        \"repos_url\": \"https://api.github.com/users/sbhaskara-ca/repos\",\n        \"events_url\": \"https://api.github.com/users/sbhaskara-ca/events{/privacy}\",\n        \"received_events_url\": \"https://api.github.com/users/sbhaskara-ca/received_events\",\n        \"type\": \"User\",\n        \"site_admin\": false\n      },\n      \"html_url\": \"https://github.com/sbhaskara-ca/pipeline-test\",\n      \"description\": \"pipeline test\",\n      \"fork\": false,\n      \"url\": \"https://api.github.com/repos/sbhaskara-ca/pipeline-test\",\n      \"forks_url\": \"https://api.github.com/repos/sbhaskara-ca/pipeline-test/forks\",\n      \"keys_url\": \"https://api.github.com/repos/sbhaskara-ca/pipeline-test/keys{/key_id}\",\n      \"collaborators_url\": \"https://api.github.com/repos/sbhaskara-ca/pipeline-test/collaborators{/collaborator}\",\n      \"teams_url\": \"https://api.github.com/repos/sbhaskara-ca/pipeline-test/teams\",\n      \"hooks_url\": \"https://api.github.com/repos/sbhaskara-ca/pipeline-test/hooks\",\n      \"issue_events_url\": \"https://api.github.com/repos/sbhaskara-ca/pipeline-test/issues/events{/number}\",\n      \"events_url\": \"https://api.github.com/repos/sbhaskara-ca/pipeline-test/events\",\n      \"assignees_url\": \"https://api.github.com/repos/sbhaskara-ca/pipeline-test/assignees{/user}\",\n      \"branches_url\": \"https://api.github.com/repos/sbhaskara-ca/pipeline-test/branches{/branch}\",\n      \"tags_url\": \"https://api.github.com/repos/sbhaskara-ca/pipeline-test/tags\",\n      \"blobs_url\": \"https://api.github.com/repos/sbhaskara-ca/pipeline-test/git/blobs{/sha}\",\n      \"git_tags_url\": \"https://api.github.com/repos/sbhaskara-ca/pipeline-test/git/tags{/sha}\",\n      \"git_refs_url\": \"https://api.github.com/repos/sbhaskara-ca/pipeline-test/git/refs{/sha}\",\n      \"trees_url\": \"https://api.github.com/repos/sbhaskara-ca/pipeline-test/git/trees{/sha}\",\n      \"statuses_url\": \"https://api.github.com/repos/sbhaskara-ca/pipeline-test/statuses/{sha}\",\n      \"languages_url\": \"https://api.github.com/repos/sbhaskara-ca/pipeline-test/languages\",\n      \"stargazers_url\": \"https://api.github.com/repos/sbhaskara-ca/pipeline-test/stargazers\",\n      \"contributors_url\": \"https://api.github.com/repos/sbhaskara-ca/pipeline-test/contributors\",\n      \"subscribers_url\": \"https://api.github.com/repos/sbhaskara-ca/pipeline-test/subscribers\",\n      \"subscription_url\": \"https://api.github.com/repos/sbhaskara-ca/pipeline-test/subscription\",\n      \"commits_url\": \"https://api.github.com/repos/sbhaskara-ca/pipeline-test/commits{/sha}\",\n      \"git_commits_url\": \"https://api.github.com/repos/sbhaskara-ca/pipeline-test/git/commits{/sha}\",\n      \"comments_url\": \"https://api.github.com/repos/sbhaskara-ca/pipeline-test/comments{/number}\",\n      \"issue_comment_url\": \"https://api.github.com/repos/sbhaskara-ca/pipeline-test/issues/comments{/number}\",\n      \"contents_url\": \"https://api.github.com/repos/sbhaskara-ca/pipeline-test/contents/{+path}\",\n      \"compare_url\": \"https://api.github.com/repos/sbhaskara-ca/pipeline-test/compare/{base}...{head}\",\n      \"merges_url\": \"https://api.github.com/repos/sbhaskara-ca/pipeline-test/merges\",\n      \"archive_url\": \"https://api.github.com/repos/sbhaskara-ca/pipeline-test/{archive_format}{/ref}\",\n      \"downloads_url\": \"https://api.github.com/repos/sbhaskara-ca/pipeline-test/downloads\",\n      \"issues_url\": \"https://api.github.com/repos/sbhaskara-ca/pipeline-test/issues{/number}\",\n      \"pulls_url\": \"https://api.github.com/repos/sbhaskara-ca/pipeline-test/pulls{/number}\",\n      \"milestones_url\": \"https://api.github.com/repos/sbhaskara-ca/pipeline-test/milestones{/number}\",\n      \"notifications_url\": \"https://api.github.com/repos/sbhaskara-ca/pipeline-test/notifications{?since,all,participating}\",\n      \"labels_url\": \"https://api.github.com/repos/sbhaskara-ca/pipeline-test/labels{/name}\",\n      \"releases_url\": \"https://api.github.com/repos/sbhaskara-ca/pipeline-test/releases{/id}\",\n      \"deployments_url\": \"https://api.github.com/repos/sbhaskara-ca/pipeline-test/deployments\",\n      \"created_at\": \"2020-03-12T21:04:05Z\",\n      \"updated_at\": \"2021-08-31T20:09:24Z\",\n      \"pushed_at\": \"2021-08-31T20:09:21Z\",\n      \"git_url\": \"git://github.com/sbhaskara-ca/pipeline-test.git\",\n      \"ssh_url\": \"git@github.com:sbhaskara-ca/pipeline-test.git\",\n      \"clone_url\": \"https://github.com/sbhaskara-ca/pipeline-test.git\",\n      \"svn_url\": \"https://github.com/sbhaskara-ca/pipeline-test\",\n      \"homepage\": null,\n      \"size\": 82,\n      \"stargazers_count\": 0,\n      \"watchers_count\": 0,\n      \"language\": \"Java\",\n      \"has_issues\": true,\n      \"has_projects\": true,\n      \"has_downloads\": true,\n      \"has_wiki\": true,\n      \"has_pages\": false,\n      \"forks_count\": 0,\n      \"mirror_url\": null,\n      \"archived\": false,\n      \"disabled\": false,\n      \"open_issues_count\": 7,\n      \"license\": {\n        \"key\": \"bsd-3-clause\",\n        \"name\": \"BSD 3-Clause \\\"New\\\" or \\\"Revised\\\" License\",\n        \"spdx_id\": \"BSD-3-Clause\",\n        \"url\": \"https://api.github.com/licenses/bsd-3-clause\",\n        \"node_id\": \"MDc6TGljZW5zZTU=\"\n      },\n      \"allow_forking\": true,\n      \"is_template\": false,\n      \"topics\": [],\n      \"visibility\": \"public\",\n      \"forks\": 0,\n      \"open_issues\": 7,\n      \"watchers\": 0,\n      \"default_branch\": \"master\"\n    }\n  },\n  \"_links\": {\n    \"self\": {\n      \"href\": \"https://api.github.com/repos/sbhaskara-ca/pipeline-test/pulls/11\"\n    },\n    \"html\": {\n      \"href\": \"https://github.com/sbhaskara-ca/pipeline-test/pull/11\"\n    },\n    \"issue\": {\n      \"href\": \"https://api.github.com/repos/sbhaskara-ca/pipeline-test/issues/11\"\n    },\n    \"comments\": {\n      \"href\": \"https://api.github.com/repos/sbhaskara-ca/pipeline-test/issues/11/comments\"\n    },\n    \"review_comments\": {\n      \"href\": \"https://api.github.com/repos/sbhaskara-ca/pipeline-test/pulls/11/comments\"\n    },\n    \"review_comment\": {\n      \"href\": \"https://api.github.com/repos/sbhaskara-ca/pipeline-test/pulls/comments{/number}\"\n    },\n    \"commits\": {\n      \"href\": \"https://api.github.com/repos/sbhaskara-ca/pipeline-test/pulls/11/commits\"\n    },\n    \"statuses\": {\n      \"href\": \"https://api.github.com/repos/sbhaskara-ca/pipeline-test/statuses/009d44a7d5e0d20227ea4bd782b477246f4b2d72\"\n    }\n  },\n  \"author_association\": \"OWNER\",\n  \"auto_merge\": null,\n  \"active_lock_reason\": null,\n  \"merged\": true,\n  \"mergeable\": null,\n  \"rebaseable\": null,\n  \"mergeable_state\": \"unknown\",\n  \"merged_by\": {\n    \"login\": \"sbhaskara-ca\",\n    \"id\": 58863091,\n    \"node_id\": \"MDQ6VXNlcjU4ODYzMDkx\",\n    \"avatar_url\": \"https://avatars.githubusercontent.com/u/58863091?v=4\",\n    \"gravatar_id\": \"\",\n    \"url\": \"https://api.github.com/users/sbhaskara-ca\",\n    \"html_url\": \"https://github.com/sbhaskara-ca\",\n    \"followers_url\": \"https://api.github.com/users/sbhaskara-ca/followers\",\n    \"following_url\": \"https://api.github.com/users/sbhaskara-ca/following{/other_user}\",\n    \"gists_url\": \"https://api.github.com/users/sbhaskara-ca/gists{/gist_id}\",\n    \"starred_url\": \"https://api.github.com/users/sbhaskara-ca/starred{/owner}{/repo}\",\n    \"subscriptions_url\": \"https://api.github.com/users/sbhaskara-ca/subscriptions\",\n    \"organizations_url\": \"https://api.github.com/users/sbhaskara-ca/orgs\",\n    \"repos_url\": \"https://api.github.com/users/sbhaskara-ca/repos\",\n    \"events_url\": \"https://api.github.com/users/sbhaskara-ca/events{/privacy}\",\n    \"received_events_url\": \"https://api.github.com/users/sbhaskara-ca/received_events\",\n    \"type\": \"User\",\n    \"site_admin\": false\n  },\n  \"comments\": 0,\n  \"review_comments\": 0,\n  \"maintainer_can_modify\": false,\n  \"commits\": 1,\n  \"additions\": 30,\n  \"deletions\": 46,\n  \"changed_files\": 2\n}","contentAvailable":true,"statusCode":2}}},"UPDATE_RECORD":{"templateId":66,"operation":"UPDATE_RECORD","httpVerb":"POST","restUrl":"repos/${Owner}/${Repository}/${Artifact}","specifications":{"Request":{"specId":119,"type":"Request","adapterType":null,"specType":"None","status":"Active","specification":"[]","samplePayload":"[]","contentAvailable":true,"statusCode":2},"Response":{"specId":120,"type":"Response","adapterType":null,"specType":"None","status":"Active","specification":"[]","samplePayload":"[]","contentAvailable":true,"statusCode":2}}},"CREATE_RECORD":{"templateId":67,"operation":"CREATE_RECORD","httpVerb":"PUT","restUrl":"repos/${Owner}/${Repository}/${Artifact}","specifications":{"Request":{"specId":121,"type":"Request","adapterType":null,"specType":"None","status":"Active","specification":"[]","samplePayload":"[]","contentAvailable":true,"statusCode":2},"Response":{"specId":122,"type":"Response","adapterType":null,"specType":"None","status":"Active","specification":"[]","samplePayload":"[]","contentAvailable":true,"statusCode":2}}}},"default":false}]